time_stamps,processed_1_not_processed_0
2002001.1830,0
2002001.1835,0
2002001.2010,0
2002002.1735,0
2002002.1740,0
2002002.1915,0
2002002.1920,0
2002003.1820,0
2002003.1825,0
2002003.2000,0
2002004.1900,0
2002004.1905,0
2002004.2040,0
2002005.1805,0
2002005.1810,0
2002005.1945,0
2002005.1950,0
2002006.1850,0
2002006.1855,0
2002007.1755,0
2002007.1800,0
2002007.1935,0
2002008.1835,0
2002008.1840,0
2002008.2015,0
2002009.1740,0
2002009.1745,0
2002010.1825,0
2002010.1830,0
2002010.2005,0
2002011.1730,0
2002011.1735,0
2002011.1910,0
2002011.2045,0
2002012.1815,0
2002012.1950,0
2002012.1955,0
2002013.1855,0
2002013.1900,0
2002014.1800,0
2002014.1805,0
2002014.1940,0
2002014.1945,0
2002015.1845,0
2002015.2020,0
2002016.1750,0
2002016.1925,0
2002016.1930,0
2002017.1830,0
2002017.1835,0
2002017.2010,0
2002018.1735,0
2002018.1740,0
2002018.1915,0
2002018.1920,0
2002019.1820,0
2002019.2000,0
2002020.1900,0
2002020.1905,0
2002020.2040,0
2002021.1805,0
2002021.1810,0
2002021.1945,0
2002021.1950,0
2002022.1850,0
2002022.1855,0
2002023.1755,0
2002023.1800,0
2002023.1935,0
2002024.1835,0
2002024.1840,0
2002024.2015,0
2002025.1740,0
2002025.1745,0
2002025.1920,0
2002025.1925,0
2002026.1825,0
2002026.1830,0
2002026.2005,0
2002027.1730,0
2002027.1735,0
2002027.1910,0
2002027.2045,0
2002028.1815,0
2002028.1950,0
2002028.1955,0
2002029.1855,0
2002029.1900,0
2002030.1800,0
2002030.1805,0
2002030.1940,0
2002030.1945,0
2002031.1845,0
2002031.2020,0
2002032.1750,0
2002033.1830,0
2002033.1835,0
2002033.2010,0
2002034.1735,0
2002034.1740,0
2002034.1915,0
2002034.1920,0
2002035.1820,0
2002035.1955,0
2002035.2000,0
2002036.1900,0
2002036.1905,0
2002037.1805,0
2002037.1810,0
2002037.1945,0
2002037.1950,0
2002038.1850,0
2002038.1855,0
2002039.1755,0
2002039.1930,0
2002039.1935,0
2002040.1835,0
2002040.1840,0
2002040.2015,0
2002041.1740,0
2002041.1745,0
2002041.1920,0
2002041.1925,0
2002042.1825,0
2002042.1830,0
2002042.2005,0
2002043.1730,0
2002043.1905,0
2002043.1910,0
2002044.1810,0
2002044.1815,0
2002044.1950,0
2002044.1955,0
2002045.1855,0
2002045.1900,0
2002046.1800,0
2002046.1805,0
2002046.1940,0
2002047.1845,0
2002047.2020,0
2002048.1745,0
2002048.1750,0
2002048.1925,0
2002048.1930,0
2002049.1830,0
2002049.1835,0
2002049.2010,0
2002050.1735,0
2002050.1740,0
2002050.1915,0
2002050.2050,0
2002051.1820,0
2002051.1955,0
2002051.2000,0
2002052.1900,0
2002052.1905,0
2002053.1805,0
2002053.1810,0
2002053.1945,0
2002053.1950,0
2002054.1850,0
2002054.1855,0
2002055.1755,0
2002055.1930,0
2002055.1935,0
2002056.1835,0
2002056.1840,0
2002056.2015,0
2002057.1740,0
2002057.1745,0
2002057.1920,0
2002057.1925,0
2002058.1825,0
2002058.1830,0
2002058.2005,0
2002059.1730,0
2002059.1905,0
2002059.1910,0
2002060.1810,0
2002060.1815,0
2002060.1950,0
2002060.1955,0
2002061.1855,0
2002061.1900,0
2002062.1800,0
2002062.1805,0
2002062.1940,0
2002063.1845,0
2002063.2020,0
2002064.1745,0
2002064.1750,0
2002064.1925,0
2002064.1930,0
2002065.1830,0
2002065.1835,0
2002065.2010,0
2002066.1735,0
2002066.1740,0
2002066.1915,0
2002066.2050,0
2002067.1820,0
2002067.1955,0
2002067.2000,0
2002068.1900,0
2002068.1905,0
2002069.1805,0
2002069.1810,0
2002069.1945,0
2002069.1950,0
2002070.1850,0
2002070.2025,0
2002071.1755,0
2002071.1930,0
2002071.1935,0
2002072.1835,0
2002072.1840,0
2002073.1740,0
2002073.1745,0
2002073.1920,0
2002073.1925,0
2002074.1825,0
2002074.2005,0
2002075.1730,0
2002075.1905,0
2002075.1910,0
2002076.1810,0
2002076.1815,0
2002076.1950,0
2002076.1955,0
2002077.1855,0
2002077.1900,0
2002087.1755,0
2002087.1930,0
2002087.1935,0
2002088.1835,0
2002088.1840,0
2002088.2015,0
2002089.1740,0
2002089.1745,0
2002089.1920,0
2002089.1925,0
2002090.1825,0
2002090.1830,0
2002090.2005,0
2002091.1730,0
2002091.1905,0
2002091.1910,0
2002092.1810,0
2002092.1815,0
2002092.1950,0
2002092.1955,0
2002093.1855,0
2002093.1900,0
2002094.1800,0
2002094.1805,0
2002094.1940,0
2002095.1840,0
2002095.1845,0
2002095.2020,0
2002096.1745,0
2002096.1750,0
2002096.1925,0
2002096.1930,0
2002097.1830,0
2002097.1835,0
2002097.2010,0
2002098.1735,0
2002098.1740,0
2002098.1915,0
2002098.2050,0
2002099.1815,0
2002099.1820,0
2002099.1955,0
2002099.2000,0
2002100.1900,0
2002100.1905,0
2002101.1805,0
2002101.1810,0
2002101.1945,0
2002101.1950,0
2002102.1850,0
2002102.2025,0
2002103.1755,0
2002103.1930,0
2002103.1935,0
2002106.1825,0
2002106.1830,0
2002106.2005,0
2002107.1730,0
2002107.1905,0
2002107.1910,0
2002108.1810,0
2002108.1815,0
2002108.1950,0
2002108.1955,0
2002109.1855,0
2002109.1900,0
2002110.1800,0
2002110.1805,0
2002110.1940,0
2002111.1845,0
2002111.2020,0
2002112.1745,0
2002112.1750,0
2002112.1925,0
2002112.1930,0
2002113.1830,0
2002113.1835,0
2002113.2010,0
2002114.1735,0
2002114.1740,0
2002114.1915,0
2002114.2050,0
2002115.1820,0
2002115.1955,0
2002115.2000,0
2002116.1900,0
2002116.1905,0
2002117.1805,0
2002117.1810,0
2002117.1945,0
2002117.1950,0
2002118.1850,0
2002119.1755,0
2002119.1930,0
2002119.1935,0
2002120.1835,0
2002120.1840,0
2002120.2015,0
2002121.1740,0
2002121.1745,0
2002121.1920,0
2002121.1925,0
2002122.1825,0
2002122.1830,0
2002122.2005,0
2002123.1730,0
2002123.1905,0
2002123.1910,0
2002124.1810,0
2002124.1815,0
2002124.1950,0
2002124.1955,0
2002125.1855,0
2002125.1900,0
2002126.1800,0
2002126.1805,0
2002126.1940,0
2002127.1840,0
2002127.1845,0
2002127.2020,0
2002128.1745,0
2002128.1750,0
2002129.1830,0
2002129.1835,0
2002129.2010,0
2002130.1735,0
2002130.1740,0
2002130.1915,0
2002130.2050,0
2002131.1820,0
2002131.1955,0
2002131.2000,0
2002132.1900,0
2002132.1905,0
2002133.1805,0
2002133.1810,0
2002133.1945,0
2002133.1950,0
2002134.1850,0
2002135.1755,0
2002135.1930,0
2002135.1935,0
2002136.1835,0
2002136.1840,0
2002136.2015,0
2002137.1740,0
2002137.1745,0
2002137.1920,0
2002137.1925,0
2002138.1825,0
2002138.1830,0
2002138.2005,0
2002139.1730,0
2002139.1905,0
2002139.1910,0
2002139.2045,0
2002140.1810,0
2002140.1815,0
2002140.1950,0
2002140.1955,0
2002141.1855,0
2002141.1900,0
2002142.1800,0
2002142.1805,0
2002142.1940,0
2002143.1845,0
2002143.2020,0
2002144.1745,0
2002144.1750,0
2002144.1925,0
2002144.1930,0
2002145.1830,0
2002145.1835,0
2002145.2010,0
2002146.1735,0
2002146.1740,0
2002146.1915,0
2002147.1820,0
2002147.1955,0
2002147.2000,0
2002148.1900,0
2002148.1905,0
2002149.1805,0
2002149.1810,0
2002149.1945,0
2002149.1950,0
2002150.1850,0
2002150.1855,0
2002151.1755,0
2002151.1930,0
2002151.1935,0
2002152.1835,0
2002152.1840,0
2002152.2015,0
2002153.1740,0
2002153.1745,0
2002153.1920,0
2002153.1925,0
2002154.1825,0
2002154.1830,0
2002154.2005,0
2002155.1730,0
2002155.1905,0
2002155.1910,0
2002155.2045,0
2002156.1810,0
2002156.1815,0
2002156.1950,0
2002156.1955,0
2002157.1855,0
2002157.1900,0
2002158.1800,0
2002158.1805,0
2002158.1940,0
2002159.1845,0
2002159.2020,0
2002160.1745,0
2002160.1750,0
2002160.1925,0
2002160.1930,0
2002161.1830,0
2002161.1835,0
2002161.2010,0
2002162.1735,0
2002162.1740,0
2002162.1915,0
2002162.2050,0
2002163.1820,0
2002163.1955,0
2002163.2000,0
2002164.1900,0
2002164.1905,0
2002165.1805,0
2002165.1810,0
2002165.1945,0
2002165.1950,0
2002166.1850,0
2002167.1755,0
2002167.1930,0
2002167.1935,0
2002168.1835,0
2002168.1840,0
2002168.2015,0
2002169.1740,0
2002169.1745,0
2002169.1920,0
2002169.1925,0
2002170.2005,0
2002171.1730,0
2002171.1905,0
2002171.1910,0
2002172.1810,0
2002172.1815,0
2002172.1950,0
2002172.1955,0
2002173.1855,0
2002173.1900,0
2002174.1800,0
2002174.1805,0
2002174.1940,0
2002175.1845,0
2002175.2020,0
2002176.1745,0
2002176.1750,0
2002176.1925,0
2002176.1930,0
2002177.1830,0
2002177.1835,0
2002177.2010,0
2002178.1735,0
2002178.1740,0
2002178.1915,0
2002178.2050,0
2002179.1820,0
2002179.1955,0
2002179.2000,0
2002180.1900,0
2002180.1905,0
2002181.1805,0
2002181.1810,0
2002181.1945,0
2002181.1950,0
2002182.1850,0
2002182.1855,0
2002183.1755,0
2002183.1930,0
2002183.1935,0
2002184.1835,0
2002184.1840,0
2002184.2015,0
2002185.1740,0
2002185.1745,0
2002185.1920,0
2002185.1925,0
2002186.1825,0
2002186.1830,0
2002186.2005,0
2002187.1730,0
2002187.1905,0
2002187.1910,0
2002187.2045,0
2002188.1810,0
2002188.1815,0
2002188.1950,0
2002188.1955,0
2002189.1855,0
2002189.1900,0
2002190.1800,0
2002190.1805,0
2002190.1940,0
2002191.1845,0
2002191.2020,0
2002192.1745,0
2002192.1750,0
2002192.1925,0
2002192.1930,0
2002193.1830,0
2002193.1835,0
2002193.2010,0
2002194.1735,0
2002194.1740,0
2002194.1915,0
2002195.1820,0
2002195.1955,0
2002195.2000,0
2002196.1900,0
2002196.1905,0
2002197.1805,0
2002197.1810,0
2002197.1945,0
2002197.1950,0
2002198.1850,0
2002198.1855,0
2002199.1755,0
2002199.1930,0
2002199.1935,0
2002200.1835,0
2002200.1840,0
2002200.2015,0
2002201.1740,0
2002201.1745,0
2002201.1920,0
2002201.1925,0
2002202.1825,0
2002202.1830,0
2002202.2005,0
2002203.1730,0
2002203.1905,0
2002203.1910,0
2002203.2045,0
2002204.1810,0
2002204.1815,0
2002204.1950,0
2002204.1955,0
2002205.1855,0
2002205.1900,0
2002206.1800,0
2002206.1805,0
2002206.1940,0
2002207.1845,0
2002207.2020,0
2002208.1745,0
2002208.1750,0
2002208.1925,0
2002208.1930,0
2002209.1830,0
2002209.1835,0
2002209.2010,0
2002210.1735,0
2002210.1740,0
2002210.1915,0
2002210.2050,0
2002211.1820,0
2002211.1955,0
2002211.2000,0
2002212.1900,0
2002212.1905,0
2002213.1805,0
2002213.1810,0
2002213.1945,0
2002213.1950,0
2002214.1850,0
2002215.1755,0
2002215.1930,0
2002215.1935,0
2002216.1835,0
2002216.1840,0
2002216.2015,0
2002217.1740,0
2002217.1745,0
2002217.1920,0
2002217.1925,0
2002218.1825,0
2002218.1830,0
2002218.2005,0
2002219.1730,0
2002220.1810,0
2002220.1815,0
2002220.1950,0
2002220.1955,0
2002221.1855,0
2002221.1900,0
2002222.1800,0
2002222.1805,0
2002222.1940,0
2002223.1845,0
2002223.2020,0
2002224.1745,0
2002224.1750,0
2002224.1925,0
2002224.1930,0
2002225.1830,0
2002225.1835,0
2002225.2010,0
2002226.1735,0
2002226.1740,0
2002226.1915,0
2002226.2050,0
2002227.1820,0
2002227.1955,0
2002227.2000,0
2002228.1900,0
2002228.1905,0
2002229.1805,0
2002229.1810,0
2002229.1945,0
2002229.1950,0
2002230.1850,0
2002231.1755,0
2002231.1930,0
2002231.1935,0
2002232.1835,0
2002232.1840,0
2002232.2015,0
2002233.1740,0
2002233.1745,0
2002233.1920,0
2002233.1925,0
2002234.1825,0
2002234.1830,0
2002234.2005,0
2002235.1730,0
2002235.1905,0
2002235.1910,0
2002236.1810,0
2002236.1815,0
2002236.1950,0
2002236.1955,0
2002237.1855,0
2002237.1900,0
2002238.1800,0
2002238.1805,0
2002238.1940,0
2002239.1845,0
2002239.2020,0
2002240.1745,0
2002240.1750,0
2002240.1925,0
2002240.1930,0
2002241.1830,0
2002241.1835,0
2002241.2010,0
2002242.1735,0
2002242.1740,0
2002242.1915,0
2002242.2050,0
2002243.1820,0
2002243.1955,0
2002243.2000,0
2002244.1900,0
2002244.1905,0
2002245.1805,0
2002245.1810,0
2002245.1945,0
2002245.1950,0
2002246.1850,0
2002246.2025,0
2002247.1755,0
2002247.1930,0
2002247.1935,0
2002248.1835,0
2002248.1840,0
2002248.2015,0
2002249.1740,0
2002249.1745,0
2002249.1920,0
2002249.1925,0
2002250.1825,0
2002250.1830,0
2002250.2005,0
2002251.1730,0
2002251.1905,0
2002251.1910,0
2002252.1810,0
2002252.1815,0
2002252.1950,0
2002252.1955,0
2002253.1855,0
2002253.1900,0
2002254.1800,0
2002254.1805,0
2002254.1940,0
2002255.1845,0
2002255.2020,0
2002256.1745,0
2002256.1750,0
2002256.1925,0
2002256.1930,0
2002257.1830,0
2002257.1835,0
2002257.2010,0
2002258.1735,0
2002258.1740,0
2002258.1915,0
2002258.2050,0
2002259.1820,0
2002259.1955,0
2002259.2000,0
2002260.1900,0
2002260.1905,0
2002261.1805,0
2002261.1810,0
2002261.1945,0
2002261.1950,0
2002262.1850,0
2002263.1755,0
2002263.1930,0
2002263.1935,0
2002264.1835,0
2002264.1840,0
2002264.2015,0
2002265.1740,0
2002265.1745,0
2002265.1920,0
2002265.1925,0
2002266.1825,0
2002266.1830,0
2002266.2005,0
2002267.1730,0
2002267.1905,0
2002267.1910,0
2002268.1810,0
2002268.1815,0
2002268.1950,0
2002268.1955,0
2002269.1855,0
2002269.1900,0
2002270.1800,0
2002270.1805,0
2002270.1940,0
2002271.1840,0
2002271.1845,0
2002271.2020,0
2002272.1745,0
2002272.1750,0
2002272.1925,0
2002272.1930,0
2002273.1830,0
2002273.1835,0
2002273.2010,0
2002274.1735,0
2002274.1740,0
2002274.1915,0
2002274.2050,0
2002275.1815,0
2002275.1820,0
2002275.1955,0
2002275.2000,0
2002276.1900,0
2002276.1905,0
2002277.1805,0
2002277.1810,0
2002277.1945,0
2002277.1950,0
2002278.1850,0
2002278.2025,0
2002279.1755,0
2002279.1930,0
2002279.1935,0
2002280.1835,0
2002280.1840,0
2002280.2015,0
2002281.1740,0
2002281.1745,0
2002281.1920,0
2002281.1925,0
2002282.1825,0
2002282.2000,0
2002282.2005,0
2002283.1730,0
2002283.1905,0
2002283.1910,0
2002284.1810,0
2002284.1815,0
2002284.1950,0
2002284.1955,0
2002285.1855,0
2002285.1900,0
2002286.1800,0
2002286.1940,0
2002287.1840,0
2002287.1845,0
2002287.2020,0
2002288.1745,0
2002288.1750,0
2002288.1925,0
2002288.1930,0
2002289.1830,0
2002289.1835,0
2002289.2010,0
2002290.1735,0
2002290.1740,0
2002290.1915,0
2002290.2050,0
2002291.1815,0
2002291.1820,0
2002291.1955,0
2002291.2000,0
2002292.1900,0
2002292.1905,0
2002293.1805,0
2002293.1810,0
2002293.1945,0
2002293.1950,0
2002294.1850,0
2002294.2025,0
2002295.1755,0
2002295.1930,0
2002295.1935,0
2002296.1835,0
2002296.1840,0
2002296.2015,0
2002297.1740,0
2002297.1745,0
2002297.1920,0
2002297.1925,0
2002298.1825,0
2002298.2000,0
2002298.2005,0
2002299.0710,0
2002299.1730,0
2002299.1905,0
2002299.1910,0
2002300.1810,0
2002300.1815,0
2002300.1950,0
2002300.1955,0
2002301.1855,0
2002301.1900,0
2002302.1800,0
2002302.1805,0
2002302.1940,0
2002303.1840,0
2002303.1845,0
2002303.2020,0
2002304.1745,0
2002304.1750,0
2002304.1925,0
2002304.1930,0
2002305.1830,0
2002305.1835,0
2002305.2010,0
2002306.1735,0
2002306.1740,0
2002306.1915,0
2002306.2050,0
2002307.1815,0
2002307.1820,0
2002307.1955,0
2002307.2000,0
2002308.1900,0
2002308.1905,0
2002309.1805,0
2002309.1810,0
2002309.1945,0
2002309.1950,0
2002310.1850,0
2002310.2025,0
2002311.1755,0
2002311.1930,0
2002311.1935,0
2002312.1835,0
2002312.1840,0
2002312.2015,0
2002313.1740,0
2002313.1745,0
2002313.1920,0
2002313.1925,0
2002314.1825,0
2002314.2000,0
2002314.2005,0
2002315.1730,0
2002315.1905,0
2002315.1910,0
2002316.1810,0
2002316.1815,0
2002316.1950,0
2002316.1955,0
2002317.1855,0
2002317.1900,0
2002318.1800,0
2002318.1935,0
2002318.1940,0
2002319.1840,0
2002319.1845,0
2002319.2020,0
2002320.1745,0
2002320.1750,0
2002320.1925,0
2002320.1930,0
2002321.1830,0
2002321.1835,0
2002321.2010,0
2002322.1735,0
2002322.1740,0
2002322.1915,0
2002322.2050,0
2002323.1815,0
2002323.1820,0
2002323.1955,0
2002323.2000,0
2002324.1900,0
2002324.1905,0
2002325.1805,0
2002325.1810,0
2002325.1945,0
2002325.1950,0
2002326.1850,0
2002326.2025,0
2002327.1755,0
2002327.1930,0
2002327.1935,0
2002328.1835,0
2002328.1840,0
2002328.2015,0
2002329.1740,0
2002329.1745,0
2002329.1920,0
2002329.1925,0
2002330.1825,0
2002330.2005,0
2002331.1730,0
2002331.1905,0
2002331.1910,0
2002332.1810,0
2002332.1815,0
2002332.1950,0
2002332.1955,0
2002333.1855,0
2002333.1900,0
2002334.1800,0
2002334.1805,0
2002334.1940,0
2002335.1840,0
2002335.1845,0
2002335.2020,0
2002336.1745,0
2002336.1750,0
2002336.1925,0
2002336.1930,0
2002337.1830,0
2002337.1835,0
2002337.2010,0
2002338.1735,0
2002338.1740,0
2002338.1915,0
2002338.2050,0
2002339.1820,0
2002339.1955,0
2002339.2000,0
2002340.1900,0
2002340.1905,0
2002341.1805,0
2002341.1810,0
2002341.1945,0
2002341.1950,0
2002342.1850,0
2002343.1755,0
2002343.1930,0
2002343.1935,0
2002344.1835,0
2002344.1840,0
2002344.2015,0
2002345.1745,0
2002345.1920,0
2002345.1925,0
2002346.1825,0
2002346.1830,0
2002346.2005,0
2002347.1730,0
2002347.1905,0
2002347.1910,0
2002348.1810,0
2002348.1815,0
2002348.1950,0
2002348.1955,0
2002349.1855,0
2002349.1900,0
2002350.1800,0
2002350.1805,0
2002350.1940,0
2002351.1840,0
2002351.1845,0
2002351.2020,0
2002352.1745,0
2002352.1750,0
2002352.1925,0
2002352.1930,0
2002353.1830,0
2002353.1835,0
2002353.2010,0
2002354.1735,0
2002354.1740,0
2002354.1915,0
2002354.2050,0
2002355.1820,0
2002355.1955,0
2002355.2000,0
2002356.1900,0
2002356.1905,0
2002357.1805,0
2002357.1810,0
2002357.1945,0
2002357.1950,0
2002358.1850,0
2002358.2025,0
2002359.1755,0
2002359.1930,0
2002359.1935,0
2002360.1835,0
2002360.1840,0
2002360.2015,0
2002361.1740,0
2002361.1745,0
2002361.1920,0
2002361.1925,0
2002362.1825,0
2002362.2005,0
2002363.1730,0
2002363.1905,0
2002363.1910,0
2002364.1810,0
2002364.1815,0
2002364.1950,0
2002364.1955,0
2002365.1855,0
2002365.1900,0
2003001.1800,0
2003001.1940,0
2003002.1840,0
2003002.1845,0
2003002.2020,0
2003003.1745,0
2003003.1750,0
2003003.1925,0
2003003.1930,0
2003004.1830,0
2003004.1835,0
2003004.2010,0
2003005.1735,0
2003005.1740,0
2003005.1915,0
2003006.1955,0
2003006.2000,0
2003007.1725,0
2003008.1805,0
2003008.1810,0
2003008.1945,0
2003009.1850,0
2003009.2025,0
2003010.1750,0
2003010.1755,0
2003010.1930,0
2003010.1935,0
2003011.1835,0
2003011.1840,0
2003011.2015,0
2003012.1740,0
2003012.1745,0
2003012.1920,0
2003012.1925,0
2003013.1825,0
2003013.2000,0
2003013.2005,0
2003014.1730,0
2003014.1905,0
2003014.1910,0
2003015.1815,0
2003015.1950,0
2003015.1955,0
2003017.1800,0
2003017.1940,0
2003018.1840,0
2003018.1845,0
2003018.2020,0
2003019.1745,0
2003019.1750,0
2003019.1925,0
2003019.1930,0
2003020.1830,0
2003020.1835,0
2003020.2010,0
2003021.1735,0
2003021.1740,0
2003021.1915,0
2003021.2050,0
2003022.1815,0
2003022.1820,0
2003022.1955,0
2003022.2000,0
2003023.1900,0
2003023.1905,0
2003024.1805,0
2003024.1810,0
2003024.1945,0
2003024.1950,0
2003025.1850,0
2003025.2025,0
2003026.1755,0
2003026.1930,0
2003026.1935,0
2003027.1835,0
2003027.1840,0
2003027.2015,0
2003028.1740,0
2003028.1745,0
2003028.1920,0
2003028.1925,0
2003029.1825,0
2003029.2000,0
2003029.2005,0
2003030.1730,0
2003030.1905,0
2003030.1910,0
2003031.1810,0
2003031.1815,0
2003031.1950,0
2003031.1955,0
2003033.1800,0
2003033.1805,0
2003033.1940,0
2003034.1840,0
2003034.1845,0
2003034.2020,0
2003035.1745,0
2003035.1750,0
2003035.1925,0
2003035.1930,0
2003036.1830,0
2003036.1835,0
2003036.2010,0
2003037.1735,0
2003037.1740,0
2003037.1915,0
2003037.2050,0
2003038.1815,0
2003038.1820,0
2003038.1955,0
2003038.2000,0
2003039.1900,0
2003039.1905,0
2003040.1805,0
2003040.1810,0
2003040.1945,0
2003040.1950,0
2003041.1850,0
2003041.2025,0
2003042.1755,0
2003042.1930,0
2003042.1935,0
2003043.1835,0
2003043.1840,0
2003043.2015,0
2003044.1740,0
2003044.1745,0
2003044.1920,0
2003044.1925,0
2003045.1825,0
2003045.2000,0
2003045.2005,0
2003046.1730,0
2003046.1905,0
2003046.1910,0
2003047.1810,0
2003047.1815,0
2003047.1950,0
2003047.1955,0
2003048.1855,0
2003048.1900,0
2003049.1800,0
2003049.1940,0
2003050.1840,0
2003050.1845,0
2003050.2020,0
2003051.1745,0
2003051.1750,0
2003051.1925,0
2003051.1930,0
2003052.1830,0
2003052.1835,0
2003052.2010,0
2003053.1735,0
2003053.1740,0
2003053.1915,0
2003054.1815,0
2003054.1820,0
2003054.1955,0
2003054.2000,0
2003055.1725,0
2003055.1900,0
2003055.1905,0
2003056.1805,0
2003056.1810,0
2003056.1945,0
2003057.1850,0
2003057.2025,0
2003058.1750,0
2003058.1755,0
2003058.1930,0
2003058.1935,0
2003059.1835,0
2003059.1840,0
2003059.2015,0
2003060.1740,0
2003060.1745,0
2003060.1920,0
2003061.1825,0
2003061.2000,0
2003061.2005,0
2003062.1730,0
2003062.1905,0
2003062.1910,0
2003063.1810,0
2003063.1815,0
2003063.1950,0
2003063.1955,0
2003064.1855,0
2003064.1900,0
2003065.1800,0
2003066.1840,0
2003066.1845,0
2003066.2020,0
2003067.1745,0
2003067.1750,0
2003067.1925,0
2003067.1930,0
2003068.1830,0
2003068.1835,0
2003068.2010,0
2003069.1735,0
2003069.1915,0
2003070.1815,0
2003070.1820,0
2003070.1955,0
2003070.2000,0
2003071.1725,0
2003071.1900,0
2003071.1905,0
2003072.1805,0
2003072.1810,0
2003072.1945,0
2003073.1850,0
2003073.2025,0
2003074.1750,0
2003074.1755,0
2003074.1930,0
2003074.1935,0
2003075.1835,0
2003075.1840,0
2003075.2015,0
2003076.1740,0
2003076.1745,0
2003076.1920,0
2003077.1825,0
2003077.2000,0
2003077.2005,0
2003078.1730,0
2003078.1905,0
2003078.1910,0
2003079.1810,0
2003079.1815,0
2003079.1950,0
2003079.1955,0
2003080.1855,0
2003080.1900,0
2003081.1800,0
2003081.1935,0
2003081.1940,0
2003082.1840,0
2003082.1845,0
2003082.2020,0
2003083.1745,0
2003083.1750,0
2003083.1925,0
2003083.1930,0
2003084.1830,0
2003084.1835,0
2003084.2010,0
2003085.1735,0
2003085.1915,0
2003086.1815,0
2003086.1820,0
2003086.1955,0
2003086.2000,0
2003087.1725,0
2003087.1900,0
2003087.1905,0
2003088.1805,0
2003088.1810,0
2003088.1945,0
2003089.1850,0
2003089.2025,0
2003090.1750,0
2003090.1755,0
2003090.1930,0
2003090.1935,0
2003091.1835,0
2003091.1840,0
2003091.2015,0
2003092.1740,0
2003092.1745,0
2003092.1920,0
2003092.1925,0
2003093.1825,0
2003093.2000,0
2003093.2005,0
2003094.1730,0
2003094.1905,0
2003094.1910,0
2003095.1810,0
2003095.1815,0
2003095.1950,0
2003095.1955,0
2003096.1855,0
2003096.1900,0
2003097.1800,0
2003097.1935,0
2003097.1940,0
2003098.1840,0
2003098.1845,0
2003098.2020,0
2003099.1745,0
2003099.1750,0
2003099.1925,0
2003099.1930,0
2003100.1830,0
2003100.1835,0
2003100.2010,0
2003101.1735,0
2003101.1915,0
2003102.1815,0
2003102.1820,0
2003102.1955,0
2003102.2000,0
2003103.1725,0
2003103.1900,0
2003103.1905,0
2003104.1805,0
2003104.1810,0
2003104.1945,0
2003105.1850,0
2003105.2025,0
2003106.1750,0
2003106.1755,0
2003106.1930,0
2003106.1935,0
2003107.1835,0
2003107.1840,0
2003107.2015,0
2003108.1740,0
2003108.1745,0
2003108.1920,0
2003108.2055,0
2003109.1825,0
2003109.2000,0
2003109.2005,0
2003110.1730,0
2003110.1905,0
2003110.1910,0
2003111.1810,0
2003111.1815,0
2003111.1950,0
2003111.1955,0
2003112.1855,0
2003113.1800,0
2003113.1935,0
2003113.1940,0
2003114.1840,0
2003114.1845,0
2003114.2020,0
2003115.1745,0
2003115.1750,0
2003115.1925,0
2003115.1930,0
2003116.1830,0
2003116.1835,0
2003116.2010,0
2003117.1735,0
2003117.1910,0
2003117.1915,0
2003118.1815,0
2003118.1820,0
2003118.1955,0
2003119.1725,0
2003119.1900,0
2003119.1905,0
2003121.1845,0
2003121.1850,0
2003121.2025,0
2003122.1750,0
2003122.1755,0
2003122.1930,0
2003122.1935,0
2003123.1835,0
2003123.1840,0
2003123.2015,0
2003124.1740,0
2003124.1745,0
2003124.1920,0
2003125.1825,0
2003125.2000,0
2003125.2005,0
2003126.1730,0
2003126.1905,0
2003126.1910,0
2003127.1810,0
2003127.1815,0
2003127.1950,0
2003128.1855,0
2003129.1800,0
2003129.1935,0
2003129.1940,0
2003130.1840,0
2003130.1845,0
2003130.2020,0
2003131.1745,0
2003131.1750,0
2003131.1925,0
2003131.1930,0
2003132.1830,0
2003132.1835,0
2003132.2010,0
2003133.1735,0
2003133.1910,0
2003133.1915,0
2003134.1815,0
2003134.1820,0
2003134.1955,0
2003134.2000,0
2003135.1725,0
2003135.1900,0
2003135.1905,0
2003136.1805,0
2003136.1810,0
2003136.1945,0
2003137.1850,0
2003137.2025,0
2003138.1750,0
2003138.1755,0
2003138.1930,0
2003138.1935,0
2003139.1835,0
2003139.1840,0
2003139.2015,0
2003140.1740,0
2003140.1745,0
2003140.1920,0
2003140.2055,0
2003141.1825,0
2003141.2000,0
2003141.2005,0
2003142.1730,0
2003142.1905,0
2003142.1910,0
2003143.1810,0
2003143.1815,0
2003143.1950,0
2003144.1855,0
2003145.1800,0
2003145.1935,0
2003145.1940,0
2003146.1840,0
2003146.1845,0
2003146.2020,0
2003147.1745,0
2003147.1750,0
2003147.1925,0
2003147.1930,0
2003148.1830,0
2003148.1835,0
2003148.2010,0
2003149.1735,0
2003149.1910,0
2003149.1915,0
2003150.1815,0
2003150.1820,0
2003150.1955,0
2003150.2000,0
2003151.1725,0
2003151.1900,0
2003151.1905,0
2003152.1805,0
2003152.1810,0
2003152.1945,0
2003153.1850,0
2003153.2025,0
2003154.1750,0
2003154.1755,0
2003154.1930,0
2003154.1935,0
2003155.1835,0
2003155.1840,0
2003155.2015,0
2003156.1740,0
2003156.1745,0
2003156.1920,0
2003156.2055,0
2003157.1825,0
2003157.2000,0
2003157.2005,0
2003158.1730,0
2003158.1905,0
2003158.1910,0
2003159.1810,0
2003159.1815,0
2003159.1950,0
2003160.1855,0
2003161.1800,0
2003161.1935,0
2003161.1940,0
2003162.1840,0
2003162.1845,0
2003162.2020,0
2003163.1745,0
2003163.1750,0
2003163.1925,0
2003163.1930,0
2003164.1830,0
2003164.1835,0
2003164.2010,0
2003165.1735,0
2003165.1910,0
2003165.1915,0
2003166.1815,0
2003166.1820,0
2003166.1955,0
2003167.1725,0
2003167.1900,0
2003167.1905,0
2003168.1805,0
2003168.1810,0
2003168.1945,0
2003169.1845,0
2003169.1850,0
2003169.2025,0
2003170.1750,0
2003170.1755,0
2003170.1930,0
2003170.1935,0
2003171.1835,0
2003171.1840,0
2003171.2015,0
2003172.1740,0
2003172.1745,0
2003172.1920,0
2003173.1825,0
2003173.2000,0
2003174.1730,0
2003174.1905,0
2003174.1910,0
2003175.1810,0
2003175.1815,0
2003175.1950,0
2003176.1855,0
2003176.2030,0
2003177.1800,0
2003177.1935,0
2003177.1940,0
2003178.1840,0
2003178.1845,0
2003178.2020,0
2003179.1745,0
2003179.1750,0
2003179.1925,0
2003179.1930,0
2003180.1830,0
2003180.2005,0
2003180.2010,0
2003181.1735,0
2003181.1910,0
2003181.1915,0
2003182.1815,0
2003182.1820,0
2003182.1955,0
2003183.1725,0
2003183.1900,0
2003183.1905,0
2003184.1805,0
2003184.1945,0
2003185.1845,0
2003185.1850,0
2003185.2025,0
2003186.1750,0
2003186.1755,0
2003186.1930,0
2003186.1935,0
2003187.1835,0
2003187.1840,0
2003187.2015,0
2003188.1740,0
2003188.1745,0
2003188.1920,0
2003189.1820,0
2003189.1825,0
2003189.2000,0
2003190.1730,0
2003190.1905,0
2003190.1910,0
2003191.1810,0
2003191.1815,0
2003191.1950,0
2003192.1855,0
2003192.2030,0
2003193.1755,0
2003193.1800,0
2003193.1935,0
2003193.1940,0
2003194.1840,0
2003194.1845,0
2003194.2020,0
2003195.1745,0
2003195.1750,0
2003195.1925,0
2003196.1830,0
2003196.2005,0
2003197.1730,0
2003197.1735,0
2003197.1910,0
2003197.1915,0
2003198.1815,0
2003198.1820,0
2003198.1955,0
2003199.1725,0
2003199.1900,0
2003200.1805,0
2003200.1940,0
2003200.1945,0
2003201.1845,0
2003201.1850,0
2003201.2025,0
2003202.1750,0
2003202.1755,0
2003202.1930,0
2003202.1935,0
2003203.1835,0
2003203.1840,0
2003204.1740,0
2003204.1915,0
2003204.1920,0
2003205.1820,0
2003205.1825,0
2003205.2000,0
2003206.1730,0
2003206.1905,0
2003206.1910,0
2003207.1810,0
2003207.1815,0
2003207.1950,0
2003208.1850,0
2003208.1855,0
2003208.2030,0
2003209.1755,0
2003209.1800,0
2003209.1935,0
2003209.1940,0
2003210.1840,0
2003210.1845,0
2003210.2020,0
2003211.1745,0
2003211.1750,0
2003211.1925,0
2003212.1830,0
2003212.2005,0
2003213.1730,0
2003213.1735,0
2003213.1910,0
2003213.1915,0
2003214.1815,0
2003214.1820,0
2003214.1955,0
2003215.1725,0
2003215.1900,0
2003216.1805,0
2003216.1940,0
2003216.1945,0
2003217.1845,0
2003217.1850,0
2003217.2025,0
2003218.1750,0
2003218.1755,0
2003218.1930,0
2003218.1935,0
2003219.1835,0
2003219.1840,0
2003220.1740,0
2003220.1915,0
2003220.1920,0
2003221.1820,0
2003221.1825,0
2003221.2000,0
2003222.1730,0
2003222.1905,0
2003222.1910,0
2003223.1810,0
2003223.1815,0
2003223.1950,0
2003224.1855,0
2003224.2030,0
2003225.1755,0
2003225.1800,0
2003225.1940,0
2003226.1840,0
2003226.1845,0
2003226.2020,0
2003227.1745,0
2003227.1750,0
2003227.1925,0
2003229.1730,0
2003229.1735,0
2003229.1910,0
2003229.1915,0
2003230.1815,0
2003230.1820,0
2003230.1955,0
2003231.1725,0
2003231.1900,0
2003231.1905,0
2003232.1805,0
2003232.1940,0
2003232.1945,0
2003233.1845,0
2003233.1850,0
2003233.2025,0
2003234.1750,0
2003234.1755,0
2003234.1930,0
2003234.1935,0
2003235.1835,0
2003235.1840,0
2003236.1740,0
2003236.1915,0
2003236.1920,0
2003237.1820,0
2003237.1825,0
2003237.2000,0
2003238.1730,0
2003238.1905,0
2003238.1910,0
2003239.1810,0
2003239.1815,0
2003239.1950,0
2003240.1855,0
2003240.2030,0
2003241.1755,0
2003241.1800,0
2003241.1935,0
2003241.1940,0
2003242.1840,0
2003242.1845,0
2003242.2020,0
2003243.1745,0
2003243.1750,0
2003243.1925,0
2003244.1830,0
2003244.2005,0
2003245.1730,0
2003245.1735,0
2003245.1910,0
2003245.1915,0
2003246.1815,0
2003246.1820,0
2003246.1955,0
2003247.1725,0
2003247.1900,0
2003247.1905,0
2003248.1805,0
2003248.1940,0
2003248.1945,0
2003249.1845,0
2003249.1850,0
2003249.2025,0
2003250.1750,0
2003250.1755,0
2003250.1930,0
2003250.1935,0
2003251.1835,0
2003251.1840,0
2003252.1740,0
2003252.1915,0
2003252.1920,0
2003253.1820,0
2003253.1825,0
2003253.2000,0
2003254.1730,0
2003254.1905,0
2003254.1910,0
2003255.1810,0
2003255.1815,0
2003255.1950,0
2003256.1720,0
2003256.1855,0
2003256.2030,0
2003257.1755,0
2003257.1800,0
2003257.1935,0
2003257.1940,0
2003258.1840,0
2003258.1845,0
2003258.2020,0
2003259.1745,0
2003259.1750,0
2003259.1925,0
2003260.1830,0
2003260.2005,0
2003261.1735,0
2003261.1910,0
2003261.1915,0
2003262.1815,0
2003262.1820,0
2003262.1955,0
2003263.1725,0
2003263.1900,0
2003263.1905,0
2003264.1805,0
2003264.1940,0
2003264.1945,0
2003265.1845,0
2003265.1850,0
2003265.2025,0
2003266.1750,0
2003266.1755,0
2003266.1930,0
2003266.1935,0
2003267.1835,0
2003267.1840,0
2003267.2015,0
2003268.1740,0
2003268.1745,0
2003268.1920,0
2003269.1820,0
2003269.1825,0
2003269.2000,0
2003270.1730,0
2003270.1905,0
2003270.1910,0
2003271.1810,0
2003271.1815,0
2003271.1950,0
2003272.1855,0
2003272.2030,0
2003273.1800,0
2003273.1935,0
2003273.1940,0
2003274.1840,0
2003274.1845,0
2003274.2020,0
2003275.1745,0
2003275.1750,0
2003275.1925,0
2003275.1930,0
2003276.1830,0
2003276.2005,0
2003276.2010,0
2003277.1735,0
2003277.1910,0
2003277.1915,0
2003278.1815,0
2003278.1820,0
2003278.1955,0
2003279.1725,0
2003279.1900,0
2003279.1905,0
2003280.1805,0
2003280.1945,0
2003281.1845,0
2003281.1850,0
2003281.2025,0
2003282.1750,0
2003282.1755,0
2003282.1930,0
2003282.1935,0
2003283.1835,0
2003283.1840,0
2003283.2015,0
2003284.1740,0
2003284.1745,0
2003284.1920,0
2003285.1820,0
2003285.1825,0
2003285.2000,0
2003286.1730,0
2003286.1905,0
2003286.1910,0
2003287.1810,0
2003287.1815,0
2003287.1950,0
2003288.1855,0
2003288.2030,0
2003289.1800,0
2003289.1935,0
2003289.1940,0
2003290.1840,0
2003290.1845,0
2003290.2020,0
2003291.1745,0
2003291.1750,0
2003291.1925,0
2003291.1930,0
2003292.1830,0
2003292.2010,0
2003293.1735,0
2003293.1910,0
2003293.1915,0
2003294.1815,0
2003294.1820,0
2003294.1955,0
2003295.1725,0
2003295.1900,0
2003295.1905,0
2003296.1805,0
2003296.1810,0
2003296.1945,0
2003297.1845,0
2003297.1850,0
2003297.2025,0
2003298.1750,0
2003298.1755,0
2003298.1930,0
2003298.1935,0
2003299.1835,0
2003299.1840,0
2003299.2015,0
2003300.1740,0
2003300.1745,0
2003300.1920,0
2003301.1820,0
2003301.1825,0
2003301.2000,0
2003302.1730,0
2003302.1905,0
2003302.1910,0
2003303.1810,0
2003303.1815,0
2003303.1950,0
2003304.2030,0
2003305.1800,0
2003305.1935,0
2003305.1940,0
2003306.1840,0
2003306.1845,0
2003306.2020,0
2003307.1745,0
2003307.1750,0
2003307.1925,0
2003307.1930,0
2003308.1830,0
2003308.2010,0
2003309.1735,0
2003309.1910,0
2003309.1915,0
2003310.1815,0
2003310.1820,0
2003310.1955,0
2003311.1725,0
2003311.1900,0
2003311.1905,0
2003312.1805,0
2003312.1810,0
2003312.1945,0
2003313.1850,0
2003313.2025,0
2003314.1750,0
2003314.1755,0
2003314.1930,0
2003314.1935,0
2003315.1835,0
2003315.1840,0
2003315.2015,0
2003316.1740,0
2003316.1745,0
2003316.1920,0
2003316.2055,0
2003317.1825,0
2003317.2000,0
2003317.2005,0
2003318.1730,0
2003318.1905,0
2003318.1910,0
2003319.1810,0
2003319.1815,0
2003319.1950,0
2003319.1955,0
2003320.1855,0
2003320.1900,0
2003321.1800,0
2003321.1935,0
2003321.1940,0
2003322.1840,0
2003322.1845,0
2003322.2020,0
2003323.1745,0
2003323.1750,0
2003323.1925,0
2003323.1930,0
2003324.1830,0
2003324.1835,0
2003324.2010,0
2003325.1735,0
2003325.1915,0
2003326.1815,0
2003326.1820,0
2003326.1955,0
2003326.2000,0
2003327.1725,0
2003327.1900,0
2003327.1905,0
2003328.1805,0
2003328.1810,0
2003328.1945,0
2003329.1850,0
2003329.2025,0
2003330.1750,0
2003330.1755,0
2003330.1930,0
2003330.1935,0
2003331.1835,0
2003331.1840,0
2003331.2015,0
2003332.1740,0
2003332.1745,0
2003332.1920,0
2003332.1925,0
2003333.1825,0
2003333.2000,0
2003333.2005,0
2003334.1730,0
2003334.1905,0
2003334.1910,0
2003335.1810,0
2003335.1815,0
2003335.1950,0
2003335.1955,0
2003336.1855,0
2003336.1900,0
2003337.1800,0
2003337.1940,0
2003338.1840,0
2003338.1845,0
2003338.2020,0
2003339.1745,0
2003339.1750,0
2003339.1925,0
2003339.1930,0
2003340.1830,0
2003340.1835,0
2003340.2010,0
2003341.1735,0
2003341.1740,0
2003341.1915,0
2003341.2050,0
2003342.1815,0
2003342.1820,0
2003342.1955,0
2003342.2000,0
2003343.1725,0
2003343.1900,0
2003343.1905,0
2003344.1805,0
2003344.1810,0
2003344.1945,0
2003344.1950,0
2003345.1850,0
2003345.2025,0
2003346.1755,0
2003346.1930,0
2003346.1935,0
2003347.2015,0
2003348.1740,0
2003348.1745,0
2003348.1920,0
2003348.1925,0
2003349.1825,0
2003349.2000,0
2003349.2005,0
2003359.1725,0
2003359.1900,0
2003359.1905,0
2003360.1805,0
2003360.1810,0
2003360.1945,0
2003360.1950,0
2003361.1850,0
2003361.2025,0
2003362.1755,0
2003362.1930,0
2003362.1935,0
2003363.1835,0
2003363.1840,0
2003363.2015,0
2003364.1740,0
2003364.1745,0
2003364.1920,0
2003364.1925,0
2003365.1825,0
2003365.2000,0
2003365.2005,0
2004001.1730,0
2004001.1905,0
2004001.1910,0
2004002.1810,0
2004002.1815,0
2004002.1950,0
2004002.1955,0
2004003.1855,0
2004003.1900,0
2004004.1800,0
2004004.1940,0
2004005.1840,0
2004005.1845,0
2004005.2020,0
2004006.1745,0
2004006.1750,0
2004006.1925,0
2004006.1930,0
2004007.1830,0
2004007.1835,0
2004007.2010,0
2004008.1735,0
2004008.1740,0
2004008.1915,0
2004008.2050,0
2004009.1815,0
2004009.1820,0
2004009.1955,0
2004009.2000,0
2004010.1725,0
2004010.1900,0
2004010.1905,0
2004011.1805,0
2004011.1810,0
2004011.1945,0
2004012.1850,0
2004012.2025,0
2004013.1755,0
2004013.1930,0
2004013.1935,0
2004014.1835,0
2004014.1840,0
2004014.2015,0
2004015.1740,0
2004015.1745,0
2004015.1920,0
2004015.1925,0
2004016.1825,0
2004016.2000,0
2004016.2005,0
2004017.1730,0
2004017.1905,0
2004017.1910,0
2004018.1810,0
2004018.1815,0
2004018.1950,0
2004018.1955,0
2004019.1855,0
2004019.1900,0
2004020.1800,0
2004020.1935,0
2004020.1940,0
2004021.1840,0
2004021.1845,0
2004021.2020,0
2004022.1745,0
2004022.1750,0
2004022.1925,0
2004022.1930,0
2004023.1830,0
2004023.1835,0
2004023.2010,0
2004024.1735,0
2004024.1915,0
2004025.1815,0
2004025.1820,0
2004025.1955,0
2004025.2000,0
2004026.1725,0
2004026.1900,0
2004026.1905,0
2004027.1805,0
2004027.1810,0
2004027.1945,0
2004028.2025,0
2004029.1750,0
2004029.1755,0
2004029.1930,0
2004029.1935,0
2004030.1835,0
2004030.1840,0
2004030.2015,0
2004031.1740,0
2004031.1745,0
2004031.1920,0
2004032.1825,0
2004032.2000,0
2004032.2005,0
2004033.1730,0
2004033.1905,0
2004033.1910,0
2004034.1810,0
2004034.1815,0
2004034.1950,0
2004034.1955,0
2004035.1855,0
2004035.1900,0
2004036.1800,0
2004036.1935,0
2004036.1940,0
2004037.1840,0
2004037.1845,0
2004037.2020,0
2004038.1745,0
2004038.1750,0
2004038.1925,0
2004038.1930,0
2004039.1830,0
2004039.1835,0
2004039.2010,0
2004040.1735,0
2004040.1915,0
2004041.1815,0
2004041.1820,0
2004041.1955,0
2004041.2000,0
2004042.1725,0
2004042.1900,0
2004042.1905,0
2004043.1805,0
2004043.1810,0
2004043.1945,0
2004044.1850,0
2004044.2025,0
2004045.1750,0
2004045.1755,0
2004045.1930,0
2004045.1935,0
2004046.1835,0
2004046.1840,0
2004046.2015,0
2004047.1740,0
2004047.1745,0
2004047.1920,0
2004048.1825,0
2004048.2000,0
2004048.2005,0
2004050.1810,0
2004050.1815,0
2004050.1950,0
2004050.1955,0
2004051.1855,0
2004051.1900,0
2004052.1800,0
2004052.1935,0
2004052.1940,0
2004053.1840,0
2004053.1845,0
2004053.2020,0
2004054.1745,0
2004054.1750,0
2004054.1925,0
2004054.1930,0
2004055.1830,0
2004055.1835,0
2004055.2010,0
2004056.1735,0
2004056.1915,0
2004057.1815,0
2004057.1820,0
2004057.1955,0
2004057.2000,0
2004058.1725,0
2004058.1900,0
2004058.1905,0
2004059.1805,0
2004059.1810,0
2004059.1945,0
2004060.1850,0
2004060.2025,0
2004061.1750,0
2004061.1755,0
2004061.1930,0
2004061.1935,0
2004062.1835,0
2004062.1840,0
2004062.2015,0
2004063.1740,0
2004063.1745,0
2004063.1920,0
2004064.1825,0
2004064.2000,0
2004064.2005,0
2004065.1730,0
2004065.1905,0
2004065.1910,0
2004066.1810,0
2004066.1815,0
2004066.1950,0
2004066.1955,0
2004067.1855,0
2004067.1900,0
2004068.1800,0
2004068.1935,0
2004068.1940,0
2004069.1840,0
2004069.1845,0
2004069.2020,0
2004070.1745,0
2004070.1750,0
2004070.1925,0
2004070.1930,0
2004071.1830,0
2004071.1835,0
2004071.2010,0
2004072.1735,0
2004072.1910,0
2004072.1915,0
2004073.1815,0
2004073.1820,0
2004073.1955,0
2004073.2000,0
2004074.1725,0
2004074.1900,0
2004074.1905,0
2004075.1805,0
2004075.1810,0
2004075.1945,0
2004076.1850,0
2004076.2025,0
2004077.1750,0
2004077.1755,0
2004077.1930,0
2004077.1935,0
2004078.1835,0
2004078.1840,0
2004078.2015,0
2004079.1740,0
2004079.1745,0
2004079.1920,0
2004079.2055,0
2004080.1825,0
2004080.2000,0
2004080.2005,0
2004081.1730,0
2004081.1905,0
2004081.1910,0
2004082.1810,0
2004082.1815,0
2004082.1950,0
2004083.1855,0
2004083.2030,0
2004084.1800,0
2004084.1935,0
2004084.1940,0
2004085.1840,0
2004085.1845,0
2004085.2020,0
2004086.1745,0
2004086.1750,0
2004086.1925,0
2004086.1930,0
2004087.1830,0
2004087.2010,0
2004088.1735,0
2004088.1910,0
2004088.1915,0
2004089.1815,0
2004089.1820,0
2004089.1955,0
2004090.1725,0
2004090.1900,0
2004090.1905,0
2004091.1805,0
2004091.1810,0
2004091.1945,0
2004092.1845,0
2004092.1850,0
2004092.2025,0
2004093.1750,0
2004093.1755,0
2004093.1930,0
2004093.1935,0
2004094.1835,0
2004094.1840,0
2004094.2015,0
2004095.1740,0
2004095.1745,0
2004095.1920,0
2004096.1820,0
2004096.1825,0
2004096.2000,0
2004098.1810,0
2004098.1815,0
2004098.1950,0
2004099.1855,0
2004099.2030,0
2004100.1800,0
2004100.1935,0
2004100.1940,0
2004101.1840,0
2004101.1845,0
2004101.2020,0
2004102.1745,0
2004102.1750,0
2004102.1925,0
2004102.1930,0
2004103.1830,0
2004103.2005,0
2004103.2010,0
2004104.1735,0
2004104.1910,0
2004104.1915,0
2004105.1815,0
2004105.1820,0
2004105.1955,0
2004106.1725,0
2004106.1900,0
2004106.1905,0
2004107.1805,0
2004107.1810,0
2004107.1945,0
2004108.1845,0
2004108.1850,0
2004108.2025,0
2004109.1750,0
2004109.1755,0
2004109.1930,0
2004109.1935,0
2004110.1835,0
2004110.1840,0
2004110.2015,0
2004111.1740,0
2004111.1745,0
2004111.1920,0
2004112.1820,0
2004112.1825,0
2004112.2000,0
2004113.1730,0
2004113.1905,0
2004113.1910,0
2004114.1810,0
2004114.1815,0
2004114.1950,0
2004115.1855,0
2004115.2030,0
2004116.1800,0
2004116.1935,0
2004116.1940,0
2004117.1840,0
2004117.1845,0
2004117.2020,0
2004118.1745,0
2004118.1750,0
2004118.1925,0
2004118.1930,0
2004119.1830,0
2004119.2010,0
2004120.1735,0
2004120.1910,0
2004120.1915,0
2004121.1815,0
2004121.1820,0
2004121.1955,0
2004122.1725,0
2004122.1900,0
2004122.1905,0
2004123.1805,0
2004123.1810,0
2004123.1945,0
2004124.1845,0
2004124.1850,0
2004124.2025,0
2004125.1750,0
2004125.1755,0
2004125.1930,0
2004125.1935,0
2004126.1835,0
2004126.1840,0
2004126.2015,0
2004127.1740,0
2004127.1745,0
2004127.1920,0
2004128.1825,0
2004128.2000,0
2004128.2005,0
2004129.1730,0
2004129.1905,0
2004129.1910,0
2004130.1810,0
2004130.1815,0
2004130.1950,0
2004131.1855,0
2004131.2030,0
2004132.1800,0
2004132.1935,0
2004132.1940,0
2004133.1840,0
2004133.1845,0
2004133.2020,0
2004134.1745,0
2004134.1750,0
2004134.1925,0
2004134.1930,0
2004135.1830,0
2004135.2010,0
2004136.1735,0
2004136.1910,0
2004136.1915,0
2004137.1815,0
2004137.1820,0
2004137.1955,0
2004138.1725,0
2004138.1900,0
2004138.1905,0
2004139.1805,0
2004139.1810,0
2004139.1945,0
2004140.1845,0
2004140.1850,0
2004140.2025,0
2004141.1750,0
2004141.1755,0
2004141.1930,0
2004141.1935,0
2004142.1835,0
2004142.1840,0
2004142.2015,0
2004143.1740,0
2004143.1745,0
2004143.1920,0
2004144.1825,0
2004144.2000,0
2004145.1730,0
2004145.1905,0
2004145.1910,0
2004146.1810,0
2004146.1815,0
2004146.1950,0
2004147.1855,0
2004147.2030,0
2004148.1800,0
2004148.1935,0
2004148.1940,0
2004149.1840,0
2004149.1845,0
2004149.2020,0
2004150.1745,0
2004150.1750,0
2004150.1925,0
2004150.1930,0
2004151.1830,0
2004151.2010,0
2004152.1735,0
2004152.1910,0
2004152.1915,0
2004153.1815,0
2004153.1820,0
2004153.1955,0
2004154.1725,0
2004154.1900,0
2004154.1905,0
2004155.1805,0
2004155.1810,0
2004155.1945,0
2004156.1845,0
2004156.1850,0
2004156.2025,0
2004157.1750,0
2004157.1755,0
2004157.1930,0
2004157.1935,0
2004158.1835,0
2004158.1840,0
2004158.2015,0
2004159.1740,0
2004159.1745,0
2004159.1920,0
2004160.1820,0
2004160.1825,0
2004160.2000,0
2004161.1730,0
2004161.1905,0
2004161.1910,0
2004162.1810,0
2004162.1815,0
2004162.1950,0
2004163.1855,0
2004163.2030,0
2004164.1800,0
2004164.1935,0
2004164.1940,0
2004165.1840,0
2004165.1845,0
2004165.2020,0
2004166.1745,0
2004166.1750,0
2004166.1925,0
2004166.1930,0
2004167.1830,0
2004167.2005,0
2004167.2010,0
2004168.1735,0
2004168.1910,0
2004168.1915,0
2004169.1815,0
2004169.1820,0
2004169.1955,0
2004170.1725,0
2004170.1900,0
2004170.1905,0
2004171.1805,0
2004171.1945,0
2004172.1845,0
2004172.1850,0
2004172.2025,0
2004173.1750,0
2004173.1755,0
2004173.1930,0
2004173.1935,0
2004174.1835,0
2004174.1840,0
2004174.2015,0
2004175.1740,0
2004175.1745,0
2004175.1920,0
2004177.1730,0
2004177.1905,0
2004177.1910,0
2004178.1810,0
2004178.1815,0
2004178.1950,0
2004179.1855,0
2004179.2030,0
2004180.1755,0
2004180.1800,0
2004180.1935,0
2004180.1940,0
2004181.1840,0
2004181.1845,0
2004181.2020,0
2004182.1745,0
2004182.1750,0
2004182.1925,0
2004182.1930,0
2004183.1830,0
2004183.2005,0
2004184.1735,0
2004184.1910,0
2004184.1915,0
2004185.1815,0
2004185.1820,0
2004185.1955,0
2004186.1725,0
2004186.1900,0
2004186.1905,0
2004187.1805,0
2004187.1945,0
2004188.1845,0
2004188.1850,0
2004188.2025,0
2004189.1750,0
2004189.1755,0
2004189.1930,0
2004189.1935,0
2004190.1835,0
2004190.1840,0
2004190.2015,0
2004191.1740,0
2004191.1745,0
2004191.1920,0
2004192.1820,0
2004192.1825,0
2004192.2000,0
2004193.1730,0
2004193.1905,0
2004193.1910,0
2004194.1810,0
2004194.1815,0
2004194.1950,0
2004195.1855,0
2004195.2030,0
2004196.1800,0
2004196.1935,0
2004196.1940,0
2004197.1840,0
2004197.1845,0
2004197.2020,0
2004198.1745,0
2004198.1750,0
2004198.1925,0
2004198.1930,0
2004199.1830,0
2004199.2005,0
2004200.1735,0
2004200.1910,0
2004200.1915,0
2004201.1815,0
2004201.1820,0
2004201.1955,0
2004202.1725,0
2004202.1900,0
2004202.1905,0
2004203.1805,0
2004203.1945,0
2004204.1845,0
2004204.1850,0
2004204.2025,0
2004205.1750,0
2004205.1755,0
2004205.1930,0
2004205.1935,0
2004206.1835,0
2004206.1840,0
2004206.2015,0
2004207.1740,0
2004207.1745,0
2004207.1920,0
2004208.1820,0
2004208.1825,0
2004208.2000,0
2004209.1730,0
2004209.1905,0
2004209.1910,0
2004210.1810,0
2004210.1815,0
2004210.1950,0
2004211.1855,0
2004211.2030,0
2004212.1755,0
2004212.1800,0
2004212.1935,0
2004212.1940,0
2004213.1840,0
2004213.1845,0
2004213.2020,0
2004214.1745,0
2004214.1750,0
2004214.1925,0
2004214.1930,0
2004215.1830,0
2004215.2005,0
2004216.1735,0
2004216.1910,0
2004216.1915,0
2004217.1815,0
2004217.1820,0
2004218.1725,0
2004218.1900,0
2004218.1905,0
2004219.1805,0
2004219.1940,0
2004219.1945,0
2004220.1845,0
2004220.1850,0
2004220.2025,0
2004221.1750,0
2004221.1755,0
2004221.1930,0
2004221.1935,0
2004222.1835,0
2004222.1840,0
2004222.2015,0
2004223.1740,0
2004223.1920,0
2004224.1820,0
2004224.1825,0
2004224.2000,0
2004225.1730,0
2004225.1905,0
2004225.1910,0
2004226.1810,0
2004226.1815,0
2004226.1950,0
2004227.1720,0
2004227.1855,0
2004227.2030,0
2004228.1755,0
2004228.1800,0
2004228.1935,0
2004228.1940,0
2004229.1840,0
2004229.1845,0
2004229.2020,0
2004230.1745,0
2004230.1750,0
2004230.1925,0
2004231.1830,0
2004231.2005,0
2004232.1730,0
2004232.1735,0
2004232.1910,0
2004232.1915,0
2004233.1815,0
2004233.1820,0
2004233.1955,0
2004234.1725,0
2004234.1900,0
2004234.1905,0
2004235.1805,0
2004235.1940,0
2004235.1945,0
2004236.1845,0
2004236.1850,0
2004236.2025,0
2004237.1750,0
2004237.1755,0
2004237.1930,0
2004237.1935,0
2004238.1835,0
2004238.1840,0
2004239.1740,0
2004239.1915,0
2004239.1920,0
2004240.1820,0
2004240.1825,0
2004240.2000,0
2004241.1730,0
2004241.1905,0
2004241.1910,0
2004242.1810,0
2004242.1815,0
2004242.1950,0
2004243.1855,0
2004243.2030,0
2004244.1755,0
2004244.1800,0
2004244.1935,0
2004244.1940,0
2004245.1840,0
2004245.1845,0
2004245.2020,0
2004246.1745,0
2004246.1750,0
2004246.1925,0
2004247.1830,0
2004247.2005,0
2004248.1730,0
2004248.1735,0
2004248.1910,0
2004248.1915,0
2004249.1815,0
2004249.1820,0
2004249.1955,0
2004250.1725,0
2004250.1900,0
2004250.1905,0
2004251.1805,0
2004251.1940,0
2004251.1945,0
2004252.1845,0
2004252.1850,0
2004252.2025,0
2004253.1750,0
2004253.1755,0
2004253.1930,0
2004253.1935,0
2004254.1835,0
2004254.1840,0
2004255.1740,0
2004255.1915,0
2004255.1920,0
2004256.1820,0
2004256.1825,0
2004256.2000,0
2004257.1730,0
2004257.1905,0
2004257.1910,0
2004258.1810,0
2004258.1815,0
2004258.1950,0
2004259.1720,0
2004259.1855,0
2004259.2030,0
2004260.1755,0
2004260.1800,0
2004260.1935,0
2004260.1940,0
2004261.1840,0
2004261.1845,0
2004261.2020,0
2004262.1745,0
2004262.1750,0
2004262.1925,0
2004263.1830,0
2004263.2005,0
2004264.1730,0
2004264.1735,0
2004264.1910,0
2004264.1915,0
2004265.1815,0
2004265.1820,0
2004265.1955,0
2004266.1725,0
2004266.1900,0
2004266.1905,0
2004267.1805,0
2004267.1940,0
2004267.1945,0
2004268.1845,0
2004268.1850,0
2004268.2025,0
2004269.1750,0
2004269.1755,0
2004269.1930,0
2004269.1935,0
2004270.1835,0
2004270.1840,0
2004271.1740,0
2004271.1915,0
2004271.1920,0
2004272.1820,0
2004272.1825,0
2004272.2000,0
2004273.1730,0
2004273.1905,0
2004273.1910,0
2004274.1810,0
2004274.1815,0
2004274.1950,0
2004275.1855,0
2004275.2030,0
2004276.1755,0
2004276.1800,0
2004276.1935,0
2004276.1940,0
2004277.1840,0
2004277.1845,0
2004277.2020,0
2004278.1745,0
2004278.1750,0
2004278.1925,0
2004279.1830,0
2004279.2005,0
2004280.1730,0
2004280.1735,0
2004280.1910,0
2004280.1915,0
2004281.1815,0
2004281.1820,0
2004281.1955,0
2004282.1725,0
2004282.1900,0
2004283.1805,0
2004283.1940,0
2004283.1945,0
2004284.1845,0
2004284.1850,0
2004284.2025,0
2004285.1750,0
2004285.1755,0
2004285.1930,0
2004285.1935,0
2004286.1835,0
2004286.1840,0
2004287.1740,0
2004287.1915,0
2004287.1920,0
2004288.1820,0
2004288.1825,0
2004288.2000,0
2004289.1730,0
2004289.1905,0
2004289.1910,0
2004290.1810,0
2004290.1815,0
2004290.1950,0
2004291.1850,0
2004291.1855,0
2004291.2030,0
2004292.1755,0
2004292.1800,0
2004292.1935,0
2004292.1940,0
2004293.1840,0
2004293.1845,0
2004294.1745,0
2004294.1750,0
2004294.1925,0
2004295.1830,0
2004295.2005,0
2004296.1730,0
2004296.1735,0
2004296.1910,0
2004296.1915,0
2004297.1815,0
2004297.1820,0
2004297.1955,0
2004298.1725,0
2004298.1900,0
2004298.2035,0
2004299.1805,0
2004299.1940,0
2004299.1945,0
2004300.1845,0
2004300.1850,0
2004300.2025,0
2004301.1750,0
2004301.1755,0
2004301.1930,0
2004301.1935,0
2004302.1835,0
2004303.1740,0
2004303.1915,0
2004303.1920,0
2004304.1820,0
2004304.1825,0
2004304.2000,0
2004305.1730,0
2004305.1905,0
2004305.1910,0
2004306.1810,0
2004306.1815,0
2004306.1950,0
2004307.1850,0
2004307.1855,0
2004307.2030,0
2004308.1755,0
2004308.1800,0
2004308.1935,0
2004308.1940,0
2004309.1840,0
2004309.1845,0
2004310.1745,0
2004310.1750,0
2004310.1925,0
2004311.1830,0
2004311.2005,0
2004312.1730,0
2004312.1735,0
2004312.1910,0
2004312.1915,0
2004313.1815,0
2004313.1820,0
2004313.1955,0
2004314.1725,0
2004314.1900,0
2004314.2035,0
2004315.1805,0
2004315.1940,0
2004315.1945,0
2004316.1845,0
2004316.1850,0
2004316.2025,0
2004317.1750,0
2004317.1755,0
2004317.1930,0
2004317.1935,0
2004318.1835,0
2004318.2010,0
2004319.1740,0
2004319.1915,0
2004319.1920,0
2004320.1820,0
2004320.1825,0
2004320.2000,0
2004321.1730,0
2004321.1905,0
2004321.1910,0
2004322.1810,0
2004322.1950,0
2004323.1850,0
2004323.1855,0
2004323.2030,0
2004324.1755,0
2004324.1800,0
2004324.1935,0
2004324.1940,0
2004325.1840,0
2004325.1845,0
2004326.1745,0
2004326.1750,0
2004326.1925,0
2004327.1825,0
2004327.1830,0
2004327.2005,0
2004328.1730,0
2004328.1735,0
2004329.1815,0
2004329.1820,0
2004329.1955,0
2004330.1725,0
2004330.1900,0
2004330.2035,0
2004331.1805,0
2004331.1940,0
2004331.1945,0
2004332.1845,0
2004332.1850,0
2004332.2025,0
2004333.1750,0
2004333.1755,0
2004333.1930,0
2004333.1935,0
2004334.1835,0
2004334.2010,0
2004335.1740,0
2004335.1915,0
2004335.1920,0
2004336.1820,0
2004336.1825,0
2004336.2000,0
2004337.1730,0
2004337.1905,0
2004337.1910,0
2004338.1810,0
2004338.1815,0
2004338.1950,0
2004339.1850,0
2004339.1855,0
2004339.2030,0
2004340.1755,0
2004340.1800,0
2004340.1935,0
2004340.1940,0
2004341.1840,0
2004341.1845,0
2004342.1745,0
2004342.1750,0
2004342.1925,0
2004343.1830,0
2004343.2005,0
2004344.1730,0
2004344.1735,0
2004344.1910,0
2004344.1915,0
2004345.1815,0
2004345.1820,0
2004345.1955,0
2004346.1725,0
2004346.1900,0
2004346.2035,0
2004347.1805,0
2004347.1940,0
2004347.1945,0
2004348.1845,0
2004348.1850,0
2004348.2025,0
2004349.1750,0
2004349.1755,0
2004349.1930,0
2004349.1935,0
2004350.1835,0
2004350.1840,0
2004351.1740,0
2004351.1915,0
2004351.1920,0
2004352.1820,0
2004352.1825,0
2004352.2000,0
2004353.1730,0
2004353.1905,0
2004353.1910,0
2004354.1810,0
2004354.1815,0
2004354.1950,0
2004355.1850,0
2004355.1855,0
2004355.2030,0
2004356.1755,0
2004356.1800,0
2004356.1935,0
2004356.1940,0
2004357.1840,0
2004357.1845,0
2004357.2020,0
2004358.1745,0
2004358.1750,0
2004358.1925,0
2004360.1730,0
2004360.1735,0
2004360.1910,0
2004360.1915,0
2004361.1815,0
2004361.1820,0
2004361.1955,0
2004362.1725,0
2004362.1900,0
2004363.1805,0
2004363.1940,0
2004363.1945,0
2004364.1845,0
2004364.1850,0
2004364.2025,0
2004365.1750,0
2004365.1755,0
2004365.1930,0
2004365.1935,0
2004366.1835,0
2004366.1840,0
2005001.1740,0
2005001.1915,0
2005001.1920,0
2005002.1820,0
2005002.1825,0
2005002.2000,0
2005003.1730,0
2005003.1905,0
2005003.1910,0
2005004.1810,0
2005004.1815,0
2005004.1950,0
2005005.1855,0
2005005.2030,0
2005006.1755,0
2005006.1800,0
2005006.1935,0
2005006.1940,0
2005007.1840,0
2005007.1845,0
2005007.2020,0
2005008.1745,0
2005008.1750,0
2005008.1925,0
2005009.1830,0
2005009.2005,0
2005010.1730,0
2005010.1735,0
2005010.1910,0
2005010.1915,0
2005011.1815,0
2005011.1820,0
2005011.1955,0
2005012.1725,0
2005012.1900,0
2005012.1905,0
2005013.1805,0
2005013.1940,0
2005013.1945,0
2005014.1845,0
2005014.1850,0
2005014.2025,0
2005015.1750,0
2005015.1755,0
2005015.1930,0
2005015.1935,0
2005016.1835,0
2005016.1840,0
2005017.1740,0
2005017.1915,0
2005017.1920,0
2005018.1820,0
2005018.1825,0
2005018.2000,0
2005019.1730,0
2005019.1905,0
2005019.1910,0
2005020.1810,0
2005020.1815,0
2005020.1950,0
2005021.1855,0
2005021.2030,0
2005022.1755,0
2005022.1800,0
2005022.1935,0
2005022.1940,0
2005023.1840,0
2005023.1845,0
2005023.2020,0
2005024.1745,0
2005024.1750,0
2005024.1925,0
2005025.1830,0
2005025.2005,0
2005026.1730,0
2005026.1735,0
2005026.1910,0
2005026.1915,0
2005027.1815,0
2005027.1820,0
2005027.1955,0
2005028.1725,0
2005028.1900,0
2005028.1905,0
2005029.1805,0
2005029.1940,0
2005029.1945,0
2005030.1845,0
2005030.1850,0
2005030.2025,0
2005031.1750,0
2005031.1755,0
2005031.1930,0
2005031.1935,0
2005032.1835,0
2005032.1840,0
2005033.1740,0
2005033.1915,0
2005033.1920,0
2005034.1820,0
2005034.1825,0
2005034.2000,0
2005035.1730,0
2005035.1905,0
2005035.1910,0
2005036.1810,0
2005036.1815,0
2005036.1950,0
2005037.1855,0
2005037.2030,0
2005038.1755,0
2005038.1800,0
2005038.1935,0
2005038.1940,0
2005039.1840,0
2005039.1845,0
2005039.2020,0
2005040.1745,0
2005040.1750,0
2005040.1925,0
2005041.1830,0
2005041.2005,0
2005042.1730,0
2005042.1735,0
2005042.1910,0
2005042.1915,0
2005043.1815,0
2005043.1820,0
2005043.1955,0
2005044.1725,0
2005044.1900,0
2005045.1805,0
2005045.1940,0
2005045.1945,0
2005046.1845,0
2005046.1850,0
2005046.2025,0
2005047.1750,0
2005047.1755,0
2005047.1930,0
2005047.1935,0
2005048.1835,0
2005048.1840,0
2005049.1740,0
2005049.1915,0
2005049.1920,0
2005050.1820,0
2005050.1825,0
2005050.2000,0
2005051.1730,0
2005051.1905,0
2005051.1910,0
2005052.1810,0
2005052.1815,0
2005052.1950,0
2005053.1850,0
2005053.1855,0
2005053.2030,0
2005054.1755,0
2005054.1800,0
2005054.1935,0
2005054.1940,0
2005055.1840,0
2005055.1845,0
2005055.2020,0
2005056.1745,0
2005056.1750,0
2005056.1925,0
2005057.1830,0
2005057.2005,0
2005058.1730,0
2005058.1735,0
2005058.1910,0
2005058.1915,0
2005059.1955,0
2005060.1725,0
2005060.1900,0
2005061.1805,0
2005061.1940,0
2005061.1945,0
2005062.1845,0
2005062.1850,0
2005062.2025,0
2005063.1750,0
2005063.1755,0
2005063.1930,0
2005063.1935,0
2005064.1835,0
2005064.1840,0
2005065.1740,0
2005065.1915,0
2005065.1920,0
2005066.1820,0
2005066.1825,0
2005066.2000,0
2005067.1730,0
2005067.1905,0
2005067.1910,0
2005068.1810,0
2005068.1815,0
2005068.1950,0
2005069.1720,0
2005069.1855,0
2005069.2030,0
2005070.1755,0
2005070.1800,0
2005070.1935,0
2005070.1940,0
2005071.1840,0
2005071.1845,0
2005071.2020,0
2005072.1745,0
2005072.1750,0
2005072.1925,0
2005073.1830,0
2005073.2005,0
2005074.1730,0
2005074.1735,0
2005074.1910,0
2005074.1915,0
2005075.1815,0
2005075.1820,0
2005075.1955,0
2005076.1725,0
2005076.1900,0
2005076.1905,0
2005077.1805,0
2005077.1940,0
2005077.1945,0
2005078.1845,0
2005078.1850,0
2005078.2025,0
2005079.1750,0
2005079.1755,0
2005079.1930,0
2005079.1935,0
2005080.1835,0
2005080.1840,0
2005080.2015,0
2005081.1740,0
2005081.1920,0
2005082.1820,0
2005082.1825,0
2005082.2000,0
2005083.1730,0
2005083.1905,0
2005083.1910,0
2005084.1810,0
2005084.1815,0
2005084.1950,0
2005085.1855,0
2005085.2030,0
2005086.1755,0
2005086.1800,0
2005086.1935,0
2005086.1940,0
2005087.1840,0
2005087.1845,0
2005087.2020,0
2005088.1745,0
2005088.1750,0
2005088.1925,0
2005088.1930,0
2005089.1830,0
2005089.2005,0
2005090.1735,0
2005090.1910,0
2005090.1915,0
2005091.1815,0
2005091.1820,0
2005091.1955,0
2005092.1725,0
2005092.1900,0
2005092.1905,0
2005093.1805,0
2005093.1940,0
2005093.1945,0
2005094.1845,0
2005094.1850,0
2005094.2025,0
2005095.1750,0
2005095.1755,0
2005095.1930,0
2005095.1935,0
2005096.1835,0
2005096.1840,0
2005096.2015,0
2005097.1740,0
2005097.1920,0
2005098.1820,0
2005098.1825,0
2005098.2000,0
2005099.1730,0
2005099.1905,0
2005099.1910,0
2005100.1810,0
2005100.1815,0
2005100.1950,0
2005101.1855,0
2005101.2030,0
2005102.1755,0
2005102.1800,0
2005102.1935,0
2005102.1940,0
2005103.1840,0
2005103.1845,0
2005103.2020,0
2005104.1745,0
2005104.1750,0
2005104.1925,0
2005104.1930,0
2005105.1830,0
2005105.2005,0
2005106.1735,0
2005106.1910,0
2005106.1915,0
2005107.1815,0
2005107.1820,0
2005107.1955,0
2005108.1725,0
2005108.1900,0
2005108.1905,0
2005109.1805,0
2005109.1940,0
2005109.1945,0
2005110.1845,0
2005110.1850,0
2005110.2025,0
2005111.1750,0
2005111.1755,0
2005111.1930,0
2005111.1935,0
2005112.1835,0
2005112.1840,0
2005112.2015,0
2005113.1740,0
2005113.1745,0
2005113.1920,0
2005114.1820,0
2005114.1825,0
2005114.2000,0
2005115.1730,0
2005115.1905,0
2005115.1910,0
2005116.1810,0
2005116.1815,0
2005116.1950,0
2005117.1855,0
2005117.2030,0
2005118.1755,0
2005118.1800,0
2005118.1935,0
2005118.1940,0
2005119.1840,0
2005119.1845,0
2005119.2020,0
2005120.1745,0
2005120.1750,0
2005120.1925,0
2005120.1930,0
2005121.1830,0
2005121.2005,0
2005122.1735,0
2005122.1910,0
2005122.1915,0
2005123.1815,0
2005123.1820,0
2005123.1955,0
2005124.1725,0
2005124.1900,0
2005124.1905,0
2005125.1805,0
2005125.1940,0
2005125.1945,0
2005126.1845,0
2005126.1850,0
2005126.2025,0
2005127.1750,0
2005127.1755,0
2005127.1930,0
2005127.1935,0
2005128.1835,0
2005128.1840,0
2005128.2015,0
2005129.1740,0
2005129.1920,0
2005130.1820,0
2005130.1825,0
2005130.2000,0
2005131.1730,0
2005131.1905,0
2005131.1910,0
2005132.1810,0
2005132.1815,0
2005132.1950,0
2005133.1720,0
2005133.1855,0
2005133.2030,0
2005134.1755,0
2005134.1800,0
2005134.1935,0
2005134.1940,0
2005135.1840,0
2005135.1845,0
2005135.2020,0
2005136.1745,0
2005136.1750,0
2005136.1925,0
2005137.1830,0
2005137.2005,0
2005138.1735,0
2005138.1910,0
2005138.1915,0
2005139.1815,0
2005139.1820,0
2005139.1955,0
2005140.1725,0
2005140.1900,0
2005140.1905,0
2005141.1805,0
2005141.1940,0
2005141.1945,0
2005142.1845,0
2005142.1850,0
2005142.2025,0
2005143.1750,0
2005143.1755,0
2005143.1930,0
2005143.1935,0
2005144.1835,0
2005144.1840,0
2005144.2015,0
2005145.1740,0
2005145.1915,0
2005145.1920,0
2005146.1820,0
2005146.1825,0
2005146.2000,0
2005147.1730,0
2005147.1905,0
2005147.1910,0
2005148.1810,0
2005148.1815,0
2005148.1950,0
2005149.1855,0
2005149.2030,0
2005150.1755,0
2005150.1800,0
2005150.1935,0
2005150.1940,0
2005151.1840,0
2005151.1845,0
2005151.2020,0
2005152.1745,0
2005152.1750,0
2005152.1925,0
2005153.1830,0
2005153.2005,0
2005154.1730,0
2005154.1735,0
2005154.1910,0
2005154.1915,0
2005155.1815,0
2005155.1820,0
2005155.1955,0
2005156.1725,0
2005156.1900,0
2005157.1805,0
2005157.1940,0
2005157.1945,0
2005158.1845,0
2005158.1850,0
2005158.2025,0
2005159.1750,0
2005159.1755,0
2005159.1930,0
2005159.1935,0
2005161.1740,0
2005161.1915,0
2005161.1920,0
2005162.1820,0
2005162.1825,0
2005162.2000,0
2005163.1730,0
2005163.1905,0
2005163.1910,0
2005164.1810,0
2005164.1815,0
2005164.1950,0
2005165.1855,0
2005165.2030,0
2005166.1755,0
2005166.1800,0
2005166.1935,0
2005166.1940,0
2005167.1840,0
2005167.1845,0
2005167.2020,0
2005168.1745,0
2005168.1750,0
2005168.1925,0
2005169.1830,0
2005169.2005,0
2005170.1730,0
2005170.1735,0
2005170.1910,0
2005170.1915,0
2005171.1815,0
2005171.1820,0
2005171.1955,0
2005172.1725,0
2005172.1900,0
2005173.1805,0
2005173.1940,0
2005173.1945,0
2005174.1845,0
2005174.1850,0
2005174.2025,0
2005175.1750,0
2005175.1755,0
2005175.1930,0
2005175.1935,0
2005176.1835,0
2005176.1840,0
2005177.1740,0
2005177.1915,0
2005177.1920,0
2005178.1820,0
2005178.1825,0
2005178.2000,0
2005179.1730,0
2005179.1905,0
2005179.1910,0
2005180.1810,0
2005180.1815,0
2005180.1950,0
2005181.1855,0
2005181.2030,0
2005182.1755,0
2005182.1800,0
2005182.1935,0
2005182.1940,0
2005183.1840,0
2005183.1845,0
2005183.2020,0
2005184.1745,0
2005184.1750,0
2005184.1925,0
2005185.1830,0
2005185.2005,0
2005186.1730,0
2005186.1735,0
2005186.1910,0
2005186.1915,0
2005187.1815,0
2005187.1820,0
2005187.1955,0
2005188.1725,0
2005188.1900,0
2005188.1905,0
2005189.1805,0
2005189.1940,0
2005189.1945,0
2005190.1845,0
2005190.1850,0
2005190.2025,0
2005191.1750,0
2005191.1755,0
2005191.1930,0
2005191.1935,0
2005192.1835,0
2005192.1840,0
2005193.1740,0
2005193.1915,0
2005193.1920,0
2005194.1820,0
2005194.1825,0
2005194.2000,0
2005195.1730,0
2005195.1905,0
2005195.1910,0
2005196.1810,0
2005196.1815,0
2005196.1950,0
2005197.1720,0
2005197.1855,0
2005197.2030,0
2005198.1755,0
2005198.1800,0
2005198.1935,0
2005198.1940,0
2005199.1840,0
2005199.1845,0
2005199.2020,0
2005200.1745,0
2005200.1750,0
2005200.1925,0
2005201.1830,0
2005201.2005,0
2005202.1730,0
2005202.1735,0
2005202.1910,0
2005202.1915,0
2005203.1815,0
2005203.1820,0
2005203.1955,0
2005204.1725,0
2005204.1900,0
2005204.1905,0
2005205.1805,0
2005205.1940,0
2005205.1945,0
2005206.1845,0
2005206.1850,0
2005206.2025,0
2005207.1750,0
2005207.1755,0
2005207.1930,0
2005207.1935,0
2005208.1835,0
2005208.1840,0
2005209.1740,0
2005209.1915,0
2005209.1920,0
2005210.1820,0
2005210.1825,0
2005210.2000,0
2005211.1730,0
2005211.1905,0
2005211.1910,0
2005212.1810,0
2005212.1815,0
2005212.1950,0
2005213.1720,0
2005213.1855,0
2005213.2030,0
2005214.1755,0
2005214.1800,0
2005214.1935,0
2005214.1940,0
2005215.1840,0
2005215.1845,0
2005215.2020,0
2005216.1745,0
2005216.1750,0
2005216.1925,0
2005217.1830,0
2005217.2005,0
2005218.1730,0
2005218.1735,0
2005218.1910,0
2005218.1915,0
2005219.1815,0
2005219.1820,0
2005219.1955,0
2005220.1725,0
2005220.1900,0
2005220.1905,0
2005221.1805,0
2005221.1940,0
2005221.1945,0
2005222.1845,0
2005222.1850,0
2005222.2025,0
2005223.1750,0
2005223.1755,0
2005223.1930,0
2005223.1935,0
2005224.1835,0
2005224.1840,0
2005225.1740,0
2005225.1915,0
2005225.1920,0
2005226.1820,0
2005226.1825,0
2005226.2000,0
2005227.1730,0
2005227.1905,0
2005227.1910,0
2005228.1810,0
2005228.1815,0
2005228.1950,0
2005229.1855,0
2005229.2030,0
2005230.1755,0
2005230.1800,0
2005230.1935,0
2005230.1940,0
2005231.1840,0
2005231.1845,0
2005231.2020,0
2005232.1745,0
2005232.1750,0
2005232.1925,0
2005233.1830,0
2005233.2005,0
2005234.1730,0
2005234.1735,0
2005234.1910,0
2005234.1915,0
2005235.1815,0
2005235.1820,0
2005235.1955,0
2005236.1725,0
2005236.1900,0
2005237.1805,0
2005237.1940,0
2005237.1945,0
2005238.1845,0
2005238.1850,0
2005238.2025,0
2005239.1750,0
2005239.1755,0
2005239.1930,0
2005239.1935,0
2005240.1835,0
2005240.1840,0
2005241.1740,0
2005241.1915,0
2005241.1920,0
2005242.1820,0
2005242.1825,0
2005242.2000,0
2005243.1730,0
2005243.1905,0
2005243.1910,0
2005244.1810,0
2005244.1815,0
2005244.1950,0
2005245.1855,0
2005245.2030,0
2005246.1755,0
2005246.1800,0
2005246.1935,0
2005246.1940,0
2005247.1840,0
2005247.1845,0
2005247.2020,0
2005248.1745,0
2005248.1750,0
2005248.1925,0
2005249.1830,0
2005249.2005,0
2005250.1730,0
2005250.1735,0
2005250.1910,0
2005250.1915,0
2005251.1815,0
2005251.1820,0
2005251.1955,0
2005252.1725,0
2005252.1900,0
2005252.2035,0
2005253.1805,0
2005253.1940,0
2005253.1945,0
2005254.1845,0
2005254.1850,0
2005254.2025,0
2005255.1750,0
2005255.1755,0
2005255.1930,0
2005255.1935,0
2005256.1835,0
2005257.1740,0
2005257.1915,0
2005257.1920,0
2005258.2000,0
2005259.1730,0
2005259.1905,0
2005259.1910,0
2005260.1810,0
2005260.1815,0
2005260.1950,0
2005261.1850,0
2005261.1855,0
2005261.2030,0
2005262.1755,0
2005262.1800,0
2005262.1935,0
2005262.1940,0
2005263.1840,0
2005263.1845,0
2005263.2020,0
2005264.1745,0
2005264.1750,0
2005264.1925,0
2005265.1830,0
2005265.2005,0
2005267.1815,0
2005267.1820,0
2005267.1955,0
2005268.1725,0
2005268.1900,0
2005268.2035,0
2005269.1805,0
2005269.1940,0
2005269.1945,0
2005270.1845,0
2005270.1850,0
2005270.2025,0
2005271.1750,0
2005271.1755,0
2005271.1930,0
2005271.1935,0
2005272.1835,0
2005272.1840,0
2005273.1740,0
2005273.1915,0
2005273.1920,0
2005274.1820,0
2005274.1825,0
2005274.2000,0
2005275.1730,0
2005275.1905,0
2005275.1910,0
2005276.1810,0
2005276.1815,0
2005276.1950,0
2005277.1850,0
2005277.1855,0
2005277.2030,0
2005278.1755,0
2005278.1800,0
2005278.1935,0
2005278.1940,0
2005279.1840,0
2005279.1845,0
2005279.2020,0
2005280.1745,0
2005280.1750,0
2005280.1925,0
2005281.1830,0
2005281.2005,0
2005282.1730,0
2005282.1735,0
2005282.1910,0
2005282.1915,0
2005283.1815,0
2005283.1820,0
2005283.1955,0
2005284.1725,0
2005284.1900,0
2005285.1805,0
2005285.1940,0
2005285.1945,0
2005286.1845,0
2005286.1850,0
2005286.2025,0
2005287.1750,0
2005287.1755,0
2005287.1930,0
2005287.1935,0
2005288.1835,0
2005288.1840,0
2005289.1740,0
2005289.1915,0
2005289.1920,0
2005290.1820,0
2005290.1825,0
2005290.2000,0
2005291.1730,0
2005291.1905,0
2005291.1910,0
2005292.1810,0
2005292.1815,0
2005292.1950,0
2005293.1850,0
2005293.1855,0
2005293.2030,0
2005294.1755,0
2005294.1800,0
2005294.1935,0
2005294.1940,0
2005295.1840,0
2005295.1845,0
2005295.2020,0
2005296.1745,0
2005296.1750,0
2005296.1925,0
2005297.1830,0
2005297.2005,0
2005298.1730,0
2005298.1735,0
2005298.1910,0
2005298.1915,0
2005299.1815,0
2005299.1820,0
2005299.1955,0
2005300.1725,0
2005300.1900,0
2005301.1805,0
2005301.1940,0
2005301.1945,0
2005302.1845,0
2005302.1850,0
2005302.2025,0
2005303.1750,0
2005303.1755,0
2005303.1930,0
2005303.1935,0
2005304.1835,0
2005304.1840,0
2005305.1740,0
2005305.1915,0
2005305.1920,0
2005306.1820,0
2005306.1825,0
2005306.2000,0
2005307.1730,0
2005307.1905,0
2005307.1910,0
2005308.1810,0
2005308.1815,0
2005308.1950,0
2005309.1855,0
2005309.2030,0
2005310.1755,0
2005310.1800,0
2005310.1935,0
2005310.1940,0
2005311.1840,0
2005311.1845,0
2005311.2020,0
2005312.1745,0
2005312.1750,0
2005312.1925,0
2005313.1830,0
2005313.2005,0
2005314.1730,0
2005314.1735,0
2005314.1910,0
2005314.1915,0
2005315.1815,0
2005315.1820,0
2005315.1955,0
2005316.1725,0
2005316.1900,0
2005317.1805,0
2005317.1940,0
2005317.1945,0
2005318.1845,0
2005318.1850,0
2005318.2025,0
2005319.1750,0
2005319.1755,0
2005319.1930,0
2005319.1935,0
2005320.1835,0
2005320.1840,0
2005321.1740,0
2005321.1915,0
2005321.1920,0
2005322.1820,0
2005322.1825,0
2005322.2000,0
2005323.1730,0
2005323.1905,0
2005323.1910,0
2005324.1810,0
2005324.1815,0
2005324.1950,0
2005325.1855,0
2005325.2030,0
2005326.1755,0
2005326.1800,0
2005326.1935,0
2005326.1940,0
2005327.1840,0
2005327.1845,0
2005327.2020,0
2005328.1745,0
2005328.1750,0
2005328.1925,0
2005329.1830,0
2005329.2005,0
2005330.1730,0
2005330.1735,0
2005330.1910,0
2005330.1915,0
2005331.1815,0
2005331.1820,0
2005331.1955,0
2005332.1725,0
2005332.1900,0
2005333.1805,0
2005333.1940,0
2005333.1945,0
2005334.1845,0
2005334.1850,0
2005334.2025,0
2005335.1750,0
2005335.1755,0
2005335.1930,0
2005335.1935,0
2005336.1835,0
2005336.1840,0
2005337.1740,0
2005337.1915,0
2005337.1920,0
2005338.1820,0
2005338.1825,0
2005338.2000,0
2005339.1730,0
2005339.1905,0
2005339.1910,0
2005340.1810,0
2005340.1815,0
2005340.1950,0
2005341.1855,0
2005341.2030,0
2005342.1755,0
2005342.1800,0
2005342.1935,0
2005342.1940,0
2005343.1840,0
2005343.1845,0
2005343.2020,0
2005344.1745,0
2005344.1750,0
2005344.1925,0
2005345.1830,0
2005345.2005,0
2005346.1730,0
2005346.1735,0
2005346.1910,0
2005346.1915,0
2005347.1815,0
2005347.1820,0
2005347.1955,0
2005348.1725,0
2005348.1900,0
2005348.2035,0
2005349.1805,0
2005349.1940,0
2005349.1945,0
2005350.1845,0
2005350.1850,0
2005350.2025,0
2005351.1750,0
2005351.1755,0
2005351.1930,0
2005351.1935,0
2005352.1835,0
2005352.1840,0
2005353.1740,0
2005353.1915,0
2005353.1920,0
2005354.1820,0
2005354.1825,0
2005354.2000,0
2005355.1730,0
2005355.1905,0
2005355.1910,0
2005356.1810,0
2005356.1815,0
2005356.1950,0
2005357.1850,0
2005357.1855,0
2005357.2030,0
2005358.1755,0
2005358.1800,0
2005358.1935,0
2005358.1940,0
2005359.1840,0
2005359.1845,0
2005360.1745,0
2005360.1750,0
2005360.1925,0
2005361.1825,0
2005361.1830,0
2005361.2005,0
2005362.1730,0
2005362.1735,0
2005362.1910,0
2005362.1915,0
2005363.1815,0
2005363.1820,0
2005363.1955,0
2005364.1725,0
2005364.1900,0
2005364.2035,0
2005365.1805,0
2005365.1940,0
2005365.1945,0
2006001.1845,0
2006001.1850,0
2006001.2025,0
2006002.1750,0
2006002.1755,0
2006002.1930,0
2006002.1935,0
2006003.1835,0
2006003.2010,0
2006004.1740,0
2006004.1915,0
2006004.1920,0
2006005.1820,0
2006005.1825,0
2006005.2000,0
2006006.1730,0
2006006.1905,0
2006006.1910,0
2006007.1810,0
2006007.1950,0
2006008.1850,0
2006008.1855,0
2006008.2030,0
2006009.1755,0
2006009.1800,0
2006009.1935,0
2006009.1940,0
2006010.1840,0
2006010.1845,0
2006011.1745,0
2006011.1750,0
2006011.1925,0
2006012.1825,0
2006012.1830,0
2006012.2005,0
2006013.1730,0
2006013.1735,0
2006013.1910,0
2006013.1915,0
2006014.1815,0
2006014.1820,0
2006014.1955,0
2006015.1725,0
2006015.1900,0
2006015.2035,0
2006016.1800,0
2006016.1805,0
2006016.1940,0
2006016.1945,0
2006017.1845,0
2006017.1850,0
2006017.2025,0
2006018.1750,0
2006018.1755,0
2006018.1930,0
2006018.1935,0
2006019.1835,0
2006019.2010,0
2006020.1740,0
2006020.1915,0
2006020.1920,0
2006021.1820,0
2006021.1825,0
2006021.2000,0
2006022.1730,0
2006022.1905,0
2006022.1910,0
2006023.1810,0
2006023.1945,0
2006023.1950,0
2006024.1850,0
2006024.1855,0
2006024.2030,0
2006025.1755,0
2006025.1800,0
2006025.1935,0
2006025.1940,0
2006026.1840,0
2006026.1845,0
2006027.1745,0
2006027.1750,0
2006027.1925,0
2006028.1825,0
2006028.1830,0
2006028.2005,0
2006029.1730,0
2006029.1735,0
2006029.1910,0
2006029.1915,0
2006030.1815,0
2006030.1820,0
2006030.1955,0
2006031.1725,0
2006031.1900,0
2006031.2035,0
2006032.1805,0
2006032.1940,0
2006032.1945,0
2006033.1845,0
2006033.1850,0
2006033.2025,0
2006034.1750,0
2006034.1755,0
2006034.1930,0
2006034.1935,0
2006035.1835,0
2006035.2010,0
2006036.1740,0
2006036.1915,0
2006036.1920,0
2006037.1820,0
2006037.1825,0
2006037.2000,0
2006038.1730,0
2006038.1905,0
2006038.1910,0
2006039.1810,0
2006039.1815,0
2006039.1950,0
2006040.1850,0
2006040.1855,0
2006040.2030,0
2006041.1755,0
2006041.1800,0
2006041.1935,0
2006041.1940,0
2006042.1840,0
2006042.1845,0
2006043.1745,0
2006043.1750,0
2006043.1925,0
2006044.1830,0
2006044.2005,0
2006045.1730,0
2006045.1735,0
2006045.1910,0
2006045.1915,0
2006046.1815,0
2006046.1820,0
2006046.1955,0
2006047.1725,0
2006047.1900,0
2006047.2035,0
2006048.1805,0
2006048.1940,0
2006048.1945,0
2006049.1845,0
2006049.1850,0
2006049.2025,0
2006050.1750,0
2006050.1755,0
2006050.1930,0
2006050.1935,0
2006051.1835,0
2006052.1740,0
2006052.1915,0
2006052.1920,0
2006053.1820,0
2006053.1825,0
2006053.2000,0
2006054.1730,0
2006054.1905,0
2006054.1910,0
2006055.1810,0
2006055.1815,0
2006055.1950,0
2006056.1850,0
2006056.1855,0
2006056.2030,0
2006057.1755,0
2006057.1800,0
2006057.1935,0
2006057.1940,0
2006058.1840,0
2006058.1845,0
2006058.2020,0
2006059.1745,0
2006059.1750,0
2006059.1925,0
2006060.1830,0
2006060.2005,0
2006061.1730,0
2006061.1735,0
2006061.1910,0
2006061.1915,0
2006062.1815,0
2006062.1820,0
2006062.1955,0
2006063.1725,0
2006063.1900,0
2006064.1805,0
2006064.1940,0
2006064.1945,0
2006065.1845,0
2006065.1850,0
2006065.2025,0
2006066.1750,0
2006066.1755,0
2006066.1930,0
2006066.1935,0
2006067.1835,0
2006067.1840,0
2006068.1740,0
2006068.1915,0
2006068.1920,0
2006069.1820,0
2006069.1825,0
2006069.2000,0
2006070.1730,0
2006070.1905,0
2006070.1910,0
2006071.1810,0
2006071.1815,0
2006071.1950,0
2006072.1855,0
2006072.2030,0
2006073.1755,0
2006073.1800,0
2006073.1935,0
2006073.1940,0
2006074.1840,0
2006074.1845,0
2006074.2020,0
2006075.1745,0
2006075.1750,0
2006075.1925,0
2006076.1830,0
2006076.2005,0
2006077.1730,0
2006077.1735,0
2006077.1910,0
2006077.1915,0
2006078.1815,0
2006078.1820,0
2006078.1955,0
2006079.1725,0
2006079.1900,0
2006079.1905,0
2006080.1805,0
2006080.1940,0
2006080.1945,0
2006081.1845,0
2006081.1850,0
2006081.2025,0
2006082.1750,0
2006082.1755,0
2006082.1930,0
2006082.1935,0
2006083.1835,0
2006083.1840,0
2006084.1740,0
2006084.1915,0
2006084.1920,0
2006085.1820,0
2006085.1825,0
2006085.2000,0
2006086.1730,0
2006086.1905,0
2006086.1910,0
2006087.1810,0
2006087.1815,0
2006087.1950,0
2006088.1720,0
2006088.1855,0
2006088.2030,0
2006089.1755,0
2006089.1800,0
2006089.1935,0
2006089.1940,0
2006090.1840,0
2006090.1845,0
2006090.2020,0
2006091.1745,0
2006091.1750,0
2006091.1925,0
2006092.1830,0
2006092.2005,0
2006093.1730,0
2006093.1735,0
2006093.1910,0
2006093.1915,0
2006094.1815,0
2006094.1820,0
2006094.1955,0
2006095.1725,0
2006095.1900,0
2006095.1905,0
2006096.1805,0
2006096.1940,0
2006096.1945,0
2006097.1845,0
2006097.1850,0
2006097.2025,0
2006098.1750,0
2006098.1755,0
2006098.1930,0
2006098.1935,0
2006099.1835,0
2006099.1840,0
2006099.2015,0
2006100.1740,0
2006100.1920,0
2006101.1820,0
2006101.1825,0
2006101.2000,0
2006102.1730,0
2006102.1905,0
2006102.1910,0
2006103.1810,0
2006103.1815,0
2006103.1950,0
2006104.1720,0
2006104.1855,0
2006104.2030,0
2006105.1755,0
2006105.1800,0
2006105.1935,0
2006105.1940,0
2006106.1840,0
2006106.1845,0
2006106.2020,0
2006107.1745,0
2006107.1750,0
2006107.1925,0
2006108.1830,0
2006108.2005,0
2006109.1730,0
2006109.1735,0
2006109.1910,0
2006109.1915,0
2006110.1815,0
2006110.1820,0
2006110.1955,0
2006111.1725,0
2006111.1900,0
2006111.1905,0
2006112.1805,0
2006112.1940,0
2006112.1945,0
2006113.1845,0
2006113.1850,0
2006113.2025,0
2006114.1750,0
2006114.1755,0
2006114.1930,0
2006114.1935,0
2006115.1835,0
2006115.1840,0
2006115.2015,0
2006116.1740,0
2006116.1920,0
2006117.1820,0
2006117.1825,0
2006117.2000,0
2006118.1730,0
2006118.1905,0
2006118.1910,0
2006119.1810,0
2006119.1815,0
2006119.1950,0
2006120.1720,0
2006120.1855,0
2006120.2030,0
2006121.1755,0
2006121.1800,0
2006121.1935,0
2006121.1940,0
2006122.1840,0
2006122.1845,0
2006122.2020,0
2006123.1745,0
2006123.1750,0
2006123.1925,0
2006124.1830,0
2006124.2005,0
2006125.1730,0
2006125.1735,0
2006125.1910,0
2006125.1915,0
2006126.1815,0
2006126.1820,0
2006126.1955,0
2006127.1725,0
2006127.1900,0
2006127.1905,0
2006128.1805,0
2006128.1940,0
2006128.1945,0
2006129.1845,0
2006129.1850,0
2006129.2025,0
2006130.1750,0
2006130.1755,0
2006130.1930,0
2006130.1935,0
2006131.1835,0
2006131.1840,0
2006131.2015,0
2006132.1740,0
2006132.1915,0
2006132.1920,0
2006133.1820,0
2006133.1825,0
2006133.2000,0
2006134.1730,0
2006134.1905,0
2006134.1910,0
2006135.1810,0
2006135.1815,0
2006135.1950,0
2006136.1720,0
2006136.1855,0
2006136.2030,0
2006137.1755,0
2006137.1800,0
2006137.1935,0
2006137.1940,0
2006138.1840,0
2006138.1845,0
2006138.2020,0
2006139.1745,0
2006139.1750,0
2006139.1925,0
2006140.1830,0
2006140.2005,0
2006141.1730,0
2006141.1735,0
2006141.1910,0
2006141.1915,0
2006142.1815,0
2006142.1820,0
2006142.1955,0
2006143.1725,0
2006143.1900,0
2006143.1905,0
2006144.1940,0
2006144.1945,0
2006145.1845,0
2006145.1850,0
2006145.2025,0
2006146.1750,0
2006146.1755,0
2006146.1930,0
2006146.1935,0
2006147.1835,0
2006147.1840,0
2006148.1740,0
2006148.1915,0
2006148.1920,0
2006149.1820,0
2006149.1825,0
2006149.2000,0
2006150.1730,0
2006150.1905,0
2006150.1910,0
2006151.1810,0
2006151.1815,0
2006151.1950,0
2006152.1720,0
2006152.1855,0
2006152.2030,0
2006153.1755,0
2006153.1800,0
2006153.1935,0
2006153.1940,0
2006154.1840,0
2006154.1845,0
2006154.2020,0
2006155.1745,0
2006155.1750,0
2006155.1925,0
2006156.1830,0
2006156.2005,0
2006157.1730,0
2006157.1735,0
2006157.1910,0
2006157.1915,0
2006158.1815,0
2006158.1820,0
2006158.1955,0
2006159.1725,0
2006159.1900,0
2006159.1905,0
2006160.1805,0
2006160.1940,0
2006160.1945,0
2006161.1845,0
2006161.1850,0
2006161.2025,0
2006162.1750,0
2006162.1755,0
2006162.1930,0
2006162.1935,0
2006163.1835,0
2006163.1840,0
2006163.2015,0
2006164.1740,0
2006164.1920,0
2006165.1820,0
2006165.1825,0
2006165.2000,0
2006166.1730,0
2006166.1905,0
2006166.1910,0
2006167.1810,0
2006167.1815,0
2006167.1950,0
2006168.1855,0
2006168.2030,0
2006169.1755,0
2006169.1800,0
2006169.1935,0
2006169.1940,0
2006170.1840,0
2006170.1845,0
2006170.2020,0
2006173.1735,0
2006173.1910,0
2006173.1915,0
2006174.1815,0
2006174.1820,0
2006174.1955,0
2006175.1725,0
2006175.1900,0
2006175.1905,0
2006176.1805,0
2006176.1940,0
2006176.1945,0
2006177.1845,0
2006177.1850,0
2006177.2025,0
2006178.1750,0
2006178.1755,0
2006178.1930,0
2006178.1935,0
2006179.1835,0
2006179.1840,0
2006179.2015,0
2006180.1740,0
2006180.1745,0
2006180.1920,0
2006181.1820,0
2006181.1825,0
2006181.2000,0
2006182.1730,0
2006182.1905,0
2006182.1910,0
2006183.1810,0
2006183.1815,0
2006183.1950,0
2006184.1855,0
2006184.2030,0
2006185.1755,0
2006185.1800,0
2006185.1935,0
2006185.1940,0
2006186.1840,0
2006186.1845,0
2006186.2020,0
2006187.1745,0
2006187.1750,0
2006187.1925,0
2006187.1930,0
2006188.1830,0
2006188.2005,0
2006189.1735,0
2006189.1910,0
2006189.1915,0
2006190.1815,0
2006190.1820,0
2006190.1955,0
2006191.1725,0
2006191.1900,0
2006191.1905,0
2006192.1805,0
2006192.1945,0
2006193.1845,0
2006193.1850,0
2006193.2025,0
2006194.1750,0
2006194.1755,0
2006194.1930,0
2006194.1935,0
2006195.1835,0
2006195.1840,0
2006195.2015,0
2006196.1740,0
2006196.1745,0
2006196.1920,0
2006197.1820,0
2006197.1825,0
2006197.2000,0
2006198.1730,0
2006198.1905,0
2006198.1910,0
2006199.1810,0
2006199.1815,0
2006199.1950,0
2006200.1855,0
2006200.2030,0
2006201.1755,0
2006201.1800,0
2006201.1935,0
2006201.1940,0
2006202.1840,0
2006202.1845,0
2006202.2020,0
2006203.1745,0
2006203.1750,0
2006203.1925,0
2006203.1930,0
2006204.1830,0
2006204.2005,0
2006205.1735,0
2006205.1910,0
2006205.1915,0
2006206.1815,0
2006206.1820,0
2006206.1955,0
2006207.1725,0
2006207.1900,0
2006207.1905,0
2006208.1805,0
2006208.1945,0
2006209.1845,0
2006209.1850,0
2006209.2025,0
2006210.1750,0
2006210.1755,0
2006210.1930,0
2006210.1935,0
2006211.1835,0
2006211.1840,0
2006211.2015,0
2006212.1740,0
2006212.1745,0
2006212.1920,0
2006213.1820,0
2006213.1825,0
2006213.2000,0
2006214.1730,0
2006214.1905,0
2006214.1910,0
2006215.1810,0
2006215.1815,0
2006215.1950,0
2006216.1855,0
2006216.2030,0
2006217.1800,0
2006217.1935,0
2006217.1940,0
2006218.1840,0
2006218.1845,0
2006218.2020,0
2006219.1745,0
2006219.1750,0
2006219.1925,0
2006219.1930,0
2006220.1830,0
2006220.2005,0
2006221.1735,0
2006221.1910,0
2006221.1915,0
2006222.1815,0
2006222.1820,0
2006222.1955,0
2006223.1725,0
2006223.1900,0
2006223.1905,0
2006224.1805,0
2006224.1945,0
2006225.1845,0
2006225.1850,0
2006225.2025,0
2006226.1750,0
2006226.1755,0
2006226.1930,0
2006226.1935,0
2006227.1835,0
2006227.1840,0
2006227.2015,0
2006228.1740,0
2006228.1745,0
2006228.1920,0
2006229.1820,0
2006229.1825,0
2006229.2000,0
2006230.1730,0
2006230.1905,0
2006230.1910,0
2006231.1810,0
2006231.1815,0
2006231.1950,0
2006232.1855,0
2006232.2030,0
2006233.1755,0
2006233.1800,0
2006233.1935,0
2006233.1940,0
2006236.1830,0
2006236.2005,0
2006237.1735,0
2006237.1910,0
2006237.1915,0
2006238.1815,0
2006238.1820,0
2006238.1955,0
2006239.1725,0
2006239.1900,0
2006239.1905,0
2006240.1805,0
2006240.1945,0
2006241.1845,0
2006241.1850,0
2006241.2025,0
2006242.1750,0
2006242.1755,0
2006242.1930,0
2006242.1935,0
2006243.1835,0
2006243.1840,0
2006243.2015,0
2006244.1740,0
2006244.1745,0
2006244.1920,0
2006245.1820,0
2006245.1825,0
2006245.2000,0
2006246.1730,0
2006246.1905,0
2006246.1910,0
2006247.1810,0
2006247.1815,0
2006247.1950,0
2006248.1855,0
2006248.2030,0
2006249.1755,0
2006249.1800,0
2006249.1935,0
2006249.1940,0
2006250.1840,0
2006250.1845,0
2006250.2020,0
2006251.1745,0
2006251.1750,0
2006251.1925,0
2006251.1930,0
2006252.1830,0
2006252.2005,0
2006253.1735,0
2006253.1910,0
2006253.1915,0
2006254.1815,0
2006254.1820,0
2006254.1955,0
2006255.1725,0
2006255.1900,0
2006255.1905,0
2006256.1805,0
2006256.1940,0
2006256.1945,0
2006257.1845,0
2006257.1850,0
2006257.2025,0
2006258.1750,0
2006258.1755,0
2006258.1930,0
2006258.1935,0
2006259.1835,0
2006259.1840,0
2006259.2015,0
2006260.1740,0
2006260.1920,0
2006261.1820,0
2006261.1825,0
2006261.2000,0
2006262.1730,0
2006262.1905,0
2006262.1910,0
2006263.1810,0
2006263.1815,0
2006263.1950,0
2006264.1855,0
2006264.2030,0
2006265.1755,0
2006265.1800,0
2006265.1935,0
2006265.1940,0
2006266.1840,0
2006266.1845,0
2006266.2020,0
2006267.1745,0
2006267.1750,0
2006267.1925,0
2006268.1830,0
2006268.2005,0
2006269.1730,0
2006269.1735,0
2006269.1910,0
2006269.1915,0
2006270.1815,0
2006270.1820,0
2006270.1955,0
2006271.1725,0
2006271.1900,0
2006271.1905,0
2006272.1805,0
2006272.1940,0
2006272.1945,0
2006273.1845,0
2006273.1850,0
2006273.2025,0
2006274.1750,0
2006274.1755,0
2006274.1930,0
2006274.1935,0
2006275.1835,0
2006275.1840,0
2006276.1740,0
2006276.1915,0
2006276.1920,0
2006277.1820,0
2006277.1825,0
2006277.2000,0
2006278.1730,0
2006278.1905,0
2006278.1910,0
2006279.1810,0
2006279.1815,0
2006279.1950,0
2006280.1855,0
2006280.2030,0
2006281.1755,0
2006281.1800,0
2006281.1935,0
2006281.1940,0
2006282.1840,0
2006282.1845,0
2006282.2020,0
2006283.1745,0
2006283.1750,0
2006283.1925,0
2006284.1830,0
2006284.2005,0
2006285.1910,0
2006285.1915,0
2006286.1815,0
2006286.1820,0
2006286.1955,0
2006287.1725,0
2006287.1900,0
2006288.1805,0
2006288.1940,0
2006288.1945,0
2006289.1845,0
2006289.1850,0
2006289.2025,0
2006290.1750,0
2006290.1755,0
2006290.1930,0
2006290.1935,0
2006291.1835,0
2006291.1840,0
2006292.1740,0
2006292.1915,0
2006292.1920,0
2006293.1820,0
2006293.1825,0
2006293.2000,0
2006294.1730,0
2006294.1905,0
2006294.1910,0
2006295.1810,0
2006295.1815,0
2006295.1950,0
2006296.1855,0
2006296.2030,0
2006297.1755,0
2006297.1800,0
2006297.1935,0
2006297.1940,0
2006298.1840,0
2006298.1845,0
2006298.2020,0
2006299.1745,0
2006299.1750,0
2006299.1925,0
2006300.1830,0
2006300.2005,0
2006301.1730,0
2006301.1735,0
2006301.1910,0
2006301.1915,0
2006302.1815,0
2006302.1820,0
2006302.1955,0
2006303.1725,0
2006303.1900,0
2006303.1905,0
2006304.1805,0
2006304.1940,0
2006304.1945,0
2006305.1845,0
2006305.1850,0
2006305.2025,0
2006306.1750,0
2006306.1755,0
2006306.1930,0
2006306.1935,0
2006307.1835,0
2006307.1840,0
2006308.1740,0
2006308.1915,0
2006308.1920,0
2006309.1820,0
2006309.1825,0
2006309.2000,0
2006310.1730,0
2006310.1905,0
2006310.1910,0
2006311.1810,0
2006311.1815,0
2006311.1950,0
2006312.1720,0
2006312.1855,0
2006312.2030,0
2006313.1800,0
2006313.1935,0
2006313.1940,0
2006314.1840,0
2006314.1845,0
2006314.2020,0
2006315.1745,0
2006315.1750,0
2006315.1925,0
2006316.1830,0
2006316.2005,0
2006317.1730,0
2006317.1735,0
2006317.1910,0
2006317.1915,0
2006318.1815,0
2006318.1820,0
2006318.1955,0
2006319.1725,0
2006319.1900,0
2006319.1905,0
2006320.1805,0
2006320.1940,0
2006320.1945,0
2006321.1845,0
2006321.1850,0
2006321.2025,0
2006322.1750,0
2006322.1755,0
2006322.1930,0
2006322.1935,0
2006323.1835,0
2006323.1840,0
2006323.2015,0
2006324.1740,0
2006324.1920,0
2006325.1820,0
2006325.1825,0
2006325.2000,0
2006326.1730,0
2006326.1905,0
2006326.1910,0
2006327.1810,0
2006327.1815,0
2006327.1950,0
2006328.1720,0
2006328.1855,0
2006328.2030,0
2006329.1755,0
2006329.1800,0
2006329.1935,0
2006329.1940,0
2006330.1840,0
2006330.1845,0
2006330.2020,0
2006331.1745,0
2006331.1750,0
2006331.1925,0
2006332.1830,0
2006332.2005,0
2006333.1730,0
2006333.1735,0
2006333.1910,0
2006333.1915,0
2006334.1815,0
2006334.1820,0
2006334.1955,0
2006335.1725,0
2006335.1900,0
2006335.1905,0
2006336.1805,0
2006336.1940,0
2006336.1945,0
2006337.1845,0
2006337.1850,0
2006337.2025,0
2006338.1750,0
2006338.1755,0
2006338.1930,0
2006338.1935,0
2006339.1835,0
2006339.1840,0
2006339.2015,0
2006341.1820,0
2006341.1825,0
2006341.2000,0
2006342.1730,0
2006342.1905,0
2006342.1910,0
2006343.1810,0
2006343.1815,0
2006343.1950,0
2006344.1855,0
2006344.2030,0
2006345.1755,0
2006345.1800,0
2006345.1935,0
2006345.1940,0
2006346.1840,0
2006346.1845,0
2006346.2020,0
2006347.1745,0
2006347.1750,0
2006347.1925,0
2006348.1830,0
2006348.2005,0
2006349.1735,0
2006349.1910,0
2006349.1915,0
2006350.1815,0
2006350.1820,0
2006350.1955,0
2006351.1725,0
2006351.1900,0
2006351.1905,0
2006352.1805,0
2006352.1940,0
2006352.1945,0
2006353.1845,0
2006353.1850,0
2006353.2025,0
2006354.1750,0
2006354.1755,0
2006354.1930,0
2006354.1935,0
2006355.1835,0
2006355.1840,0
2006355.2015,0
2006356.1740,0
2006356.1745,0
2006356.1920,0
2006357.1820,0
2006357.1825,0
2006357.2000,0
2006358.1730,0
2006358.1905,0
2006358.1910,0
2006359.1810,0
2006359.1815,0
2006359.1950,0
2006360.1855,0
2006360.2030,0
2006361.1800,0
2006361.1935,0
2006361.1940,0
2006362.1840,0
2006362.1845,0
2006362.2020,0
2006363.1745,0
2006363.1750,0
2006363.1925,0
2006363.1930,0
2006364.1830,0
2006364.2005,0
2006364.2010,0
2006365.1735,0
2006365.1910,0
2006365.1915,0
2007001.1815,0
2007001.1820,0
2007001.1955,0
2007002.1725,0
2007002.1900,0
2007002.1905,0
2007003.1805,0
2007003.1945,0
2007004.1845,0
2007004.1850,0
2007004.2025,0
2007005.1750,0
2007005.1755,0
2007005.1930,0
2007005.1935,0
2007006.1835,0
2007006.1840,0
2007006.2015,0
2007007.1740,0
2007007.1745,0
2007007.1920,0
2007008.1820,0
2007008.1825,0
2007008.2000,0
2007009.1730,0
2007009.1905,0
2007009.1910,0
2007010.1810,0
2007010.1815,0
2007010.1950,0
2007011.1855,0
2007011.2030,0
2007012.1800,0
2007012.1935,0
2007012.1940,0
2007013.1840,0
2007013.1845,0
2007013.2020,0
2007014.1745,0
2007014.1750,0
2007014.1925,0
2007014.1930,0
2007015.1830,0
2007015.2010,0
2007016.1735,0
2007016.1910,0
2007016.1915,0
2007017.1815,0
2007017.1820,0
2007017.1955,0
2007018.1725,0
2007018.1900,0
2007018.1905,0
2007019.1805,0
2007019.1810,0
2007019.1945,0
2007020.1845,0
2007020.1850,0
2007020.2025,0
2007021.1750,0
2007021.1755,0
2007021.1930,0
2007021.1935,0
2007022.1835,0
2007022.1840,0
2007022.2015,0
2007023.1740,0
2007023.1745,0
2007023.1920,0
2007024.1825,0
2007024.2000,0
2007024.2005,0
2007025.1730,0
2007025.1905,0
2007025.1910,0
2007026.1810,0
2007026.1815,0
2007026.1950,0
2007027.1855,0
2007027.2030,0
2007028.1800,0
2007028.1935,0
2007028.1940,0
2007029.1840,0
2007029.1845,0
2007029.2020,0
2007030.1745,0
2007030.1750,0
2007030.1925,0
2007030.1930,0
2007031.1830,0
2007031.1835,0
2007031.2010,0
2007032.1735,0
2007032.1910,0
2007032.1915,0
2007033.1815,0
2007033.1820,0
2007033.1955,0
2007034.1725,0
2007034.1900,0
2007034.1905,0
2007035.1805,0
2007035.1810,0
2007035.1945,0
2007036.1845,0
2007036.1850,0
2007036.2025,0
2007037.1750,0
2007037.1755,0
2007037.1930,0
2007037.1935,0
2007038.1835,0
2007038.1840,0
2007038.2015,0
2007039.1740,0
2007039.1745,0
2007039.1920,0
2007039.2055,0
2007040.1825,0
2007040.2000,0
2007040.2005,0
2007041.1730,0
2007041.1905,0
2007041.1910,0
2007042.1810,0
2007042.1815,0
2007042.1950,0
2007043.1855,0
2007044.1800,0
2007044.1935,0
2007044.1940,0
2007045.1840,0
2007045.1845,0
2007045.2020,0
2007046.1745,0
2007046.1750,0
2007046.1925,0
2007046.1930,0
2007047.1830,0
2007047.1835,0
2007047.2010,0
2007048.1735,0
2007048.1910,0
2007048.1915,0
2007049.1815,0
2007049.1820,0
2007049.1955,0
2007049.2000,0
2007050.1725,0
2007050.1900,0
2007050.1905,0
2007051.1805,0
2007051.1810,0
2007051.1945,0
2007052.1850,0
2007052.2025,0
2007053.1750,0
2007053.1755,0
2007053.1930,0
2007053.1935,0
2007054.1835,0
2007054.1840,0
2007054.2015,0
2007055.1740,0
2007055.1745,0
2007055.1920,0
2007055.2055,0
2007056.1825,0
2007056.2000,0
2007056.2005,0
2007057.1730,0
2007057.1905,0
2007057.1910,0
2007058.1810,0
2007058.1815,0
2007058.1950,0
2007059.1855,0
2007060.1800,0
2007060.1935,0
2007060.1940,0
2007061.1840,1
2007061.1845,1
2007061.2020,1
2007062.1745,1
2007062.1750,1
2007062.1925,1
2007062.1930,1
2007063.1830,1
2007063.1835,1
2007063.2010,1
2007064.1735,1
2007064.1910,1
2007064.1915,1
2007065.1815,1
2007065.1820,1
2007065.1955,1
2007065.2000,1
2007066.1725,1
2007066.1900,1
2007066.1905,1
2007067.1805,1
2007067.1810,1
2007067.1945,1
2007068.1850,1
2007068.2025,1
2007069.1750,1
2007069.1755,1
2007069.1930,1
2007069.1935,1
2007070.1835,1
2007070.1840,1
2007070.2015,1
2007071.1740,1
2007071.1745,1
2007071.1920,1
2007071.2055,1
2007072.1825,1
2007072.2000,1
2007072.2005,1
2007073.1730,1
2007073.1905,1
2007073.1910,1
2007074.1810,1
2007074.1815,1
2007074.1950,1
2007075.1855,1
2007076.1800,1
2007076.1935,1
2007076.1940,1
2007077.1840,1
2007077.1845,1
2007077.2020,1
2007078.1745,1
2007078.1750,1
2007078.1925,1
2007078.1930,1
2007079.1830,1
2007079.1835,1
2007079.2010,1
2007080.1735,1
2007080.1910,1
2007080.1915,1
2007081.1815,1
2007081.1820,1
2007081.1955,1
2007081.2000,1
2007082.1725,1
2007082.1900,1
2007082.1905,1
2007083.1805,1
2007083.1810,1
2007083.1945,1
2007084.1850,1
2007084.2025,1
2007085.1750,1
2007085.1755,1
2007085.1930,1
2007085.1935,1
2007086.1835,1
2007086.1840,1
2007086.2015,1
2007087.1740,1
2007087.1745,1
2007087.1920,1
2007087.2055,1
2007088.1825,1
2007088.2000,1
2007088.2005,1
2007089.1730,1
2007089.1905,1
2007089.1910,1
2007090.1810,1
2007090.1815,1
2007090.1950,1
2007091.1855,1
2007092.1800,1
2007092.1935,1
2007092.1940,1
2007093.1840,1
2007093.1845,1
2007093.2020,1
2007094.1745,1
2007094.1750,1
2007094.1925,1
2007094.1930,1
2007095.1830,1
2007095.1835,1
2007095.2010,1
2007096.1735,1
2007096.1910,1
2007096.1915,1
2007097.1815,1
2007097.1820,1
2007097.1955,1
2007097.2000,1
2007098.1725,1
2007098.1900,1
2007098.1905,1
2007099.1805,1
2007099.1810,1
2007099.1945,1
2007100.1845,1
2007100.1850,1
2007100.2025,1
2007101.1750,1
2007101.1755,1
2007101.1930,1
2007101.1935,1
2007102.1835,1
2007102.1840,1
2007102.2015,1
2007103.1740,1
2007103.1745,1
2007103.1920,1
2007104.1825,1
2007104.2000,1
2007104.2005,1
2007105.1730,1
2007105.1905,1
2007105.1910,1
2007106.1810,1
2007106.1815,1
2007106.1950,1
2007107.1855,1
2007107.2030,1
2007108.1800,1
2007108.1935,1
2007108.1940,1
2007109.1840,1
2007109.1845,1
2007109.2020,1
2007110.1745,1
2007110.1750,1
2007110.1925,1
2007110.1930,1
2007111.1830,1
2007111.1835,1
2007111.2010,1
2007112.1735,1
2007112.1910,1
2007112.1915,1
2007113.1815,1
2007113.1820,1
2007114.1725,1
2007114.1900,1
2007114.1905,1
2007115.1805,1
2007115.1810,1
2007115.1945,1
2007116.1845,1
2007116.1850,1
2007116.2025,1
2007117.1750,1
2007117.1755,1
2007117.1930,1
2007117.1935,1
2007118.1835,1
2007118.1840,1
2007118.2015,1
2007119.1740,1
2007119.1745,1
2007119.1920,1
2007120.1825,1
2007120.2000,1
2007120.2005,1
2007121.1730,1
2007121.1905,1
2007121.1910,1
2007122.1810,1
2007122.1815,1
2007122.1950,1
2007123.1855,1
2007123.2030,1
2007124.1800,1
2007124.1935,1
2007124.1940,1
2007125.1840,1
2007125.1845,1
2007125.2020,1
2007126.1745,1
2007126.1750,1
2007126.1925,1
2007126.1930,1
2007127.1830,1
2007127.2010,1
2007128.1735,1
2007128.1910,1
2007128.1915,1
2007129.1815,1
2007129.1820,1
2007129.1955,1
2007130.1725,1
2007130.1900,1
2007130.1905,1
2007131.1805,1
2007131.1810,1
2007131.1945,1
2007132.1845,1
2007132.1850,1
2007132.2025,1
2007133.1750,1
2007133.1755,1
2007133.1930,1
2007133.1935,1
2007134.1835,1
2007134.1840,1
2007134.2015,1
2007135.1740,1
2007135.1745,1
2007135.1920,1
2007136.1820,1
2007136.1825,1
2007136.2000,1
2007137.1730,1
2007137.1905,1
2007137.1910,1
2007138.1810,1
2007138.1815,1
2007138.1950,1
2007139.1855,1
2007139.2030,1
2007140.1800,1
2007140.1935,1
2007140.1940,1
2007141.1840,1
2007141.1845,1
2007141.2020,1
2007142.1745,1
2007142.1750,1
2007142.1925,1
2007142.1930,1
2007143.1830,1
2007143.2005,1
2007143.2010,1
2007144.1735,1
2007144.1910,1
2007144.1915,1
2007145.1815,1
2007145.1820,1
2007145.1955,1
2007146.1725,1
2007146.1900,1
2007146.1905,1
2007147.1805,1
2007147.1945,1
2007148.1845,1
2007148.1850,1
2007148.2025,1
2007149.1750,1
2007149.1755,1
2007149.1930,1
2007149.1935,1
2007150.1835,1
2007150.1840,1
2007150.2015,1
2007151.1740,1
2007151.1745,1
2007151.1920,1
2007152.1820,1
2007152.1825,1
2007152.2000,1
2007153.1730,1
2007153.1905,1
2007153.1910,1
2007154.1810,1
2007154.1815,1
2007154.1950,1
2007155.1855,1
2007155.2030,1
2007156.1800,1
2007156.1935,1
2007156.1940,1
2007157.1840,1
2007157.1845,1
2007157.2020,1
2007158.1745,1
2007158.1750,1
2007158.1925,1
2007158.1930,1
2007159.1830,1
2007159.2005,1
2007159.2010,1
2007160.1735,1
2007160.1910,1
2007160.1915,1
2007161.1815,1
2007161.1820,1
2007161.1955,1
2007162.1725,1
2007162.1900,1
2007162.1905,1
2007163.1805,1
2007163.1810,1
2007163.1945,1
2007164.1845,1
2007164.1850,1
2007164.2025,1
2007165.1750,1
2007165.1755,1
2007165.1930,1
2007165.1935,1
2007166.1835,1
2007166.1840,1
2007166.2015,1
2007167.1740,1
2007167.1745,1
2007167.1920,1
2007168.1825,1
2007168.2000,1
2007169.1730,1
2007169.1905,1
2007169.1910,1
2007170.1810,1
2007170.1815,1
2007170.1950,1
2007171.1855,1
2007171.2030,1
2007172.1800,1
2007172.1935,1
2007172.1940,1
2007173.1840,1
2007173.1845,1
2007173.2020,1
2007174.1745,1
2007174.1750,1
2007174.1925,1
2007174.1930,1
2007175.1830,1
2007175.2010,1
2007176.1735,1
2007176.1910,1
2007176.1915,1
2007177.1815,1
2007177.1820,1
2007177.1955,1
2007178.1725,1
2007178.1900,1
2007178.1905,1
2007179.1805,1
2007179.1810,1
2007179.1945,1
2007180.1845,1
2007180.1850,1
2007180.2025,1
2007181.1750,1
2007181.1755,1
2007181.1930,1
2007181.1935,1
2007182.1835,1
2007182.1840,1
2007182.2015,1
2007183.1740,1
2007183.1745,1
2007183.1920,1
2007184.1825,1
2007184.2000,1
2007184.2005,1
2007185.1730,1
2007185.1905,1
2007185.1910,1
2007186.1810,1
2007186.1815,1
2007186.1950,1
2007187.1855,1
2007187.2030,1
2007188.1800,1
2007188.1935,1
2007188.1940,1
2007189.1840,1
2007189.1845,1
2007189.2020,1
2007190.1745,1
2007190.1750,1
2007190.1925,1
2007190.1930,1
2007191.1830,1
2007191.1835,1
2007191.2010,1
2007192.1735,1
2007192.1910,1
2007192.1915,1
2007193.1815,1
2007193.1820,1
2007193.1955,1
2007194.1725,1
2007194.1900,1
2007194.1905,1
2007195.1805,1
2007195.1810,1
2007195.1945,1
2007196.1845,1
2007196.1850,1
2007196.2025,1
2007197.1750,1
2007197.1755,1
2007197.1930,1
2007197.1935,1
2007198.1835,1
2007198.1840,1
2007198.2015,1
2007199.1740,1
2007199.1745,1
2007199.1920,1
2007200.1825,1
2007200.2000,1
2007200.2005,1
2007201.1730,1
2007201.1905,1
2007201.1910,1
2007202.1810,1
2007202.1815,1
2007202.1950,1
2007203.1855,1
2007204.1800,1
2007204.1935,1
2007204.1940,1
2007205.1840,1
2007205.1845,1
2007205.2020,1
2007206.1745,1
2007206.1750,1
2007206.1925,1
2007206.1930,1
2007207.1830,1
2007207.1835,1
2007207.2010,1
2007208.1735,1
2007208.1910,1
2007208.1915,1
2007209.1815,1
2007209.1820,1
2007209.1955,1
2007210.1725,1
2007210.1900,1
2007210.1905,1
2007211.1805,1
2007211.1810,1
2007211.1945,1
2007212.1845,1
2007212.1850,1
2007212.2025,1
2007213.1750,1
2007213.1755,1
2007213.1930,1
2007213.1935,1
2007214.1835,1
2007214.1840,1
2007214.2015,1
2007215.1740,1
2007215.1745,1
2007215.1920,1
2007215.2055,1
2007216.1825,1
2007216.2000,1
2007216.2005,1
2007217.1730,1
2007217.1905,1
2007217.1910,1
2007218.1810,1
2007218.1815,1
2007218.1950,1
2007219.1855,1
2007220.1800,1
2007220.1935,1
2007220.1940,1
2007221.1840,1
2007221.1845,1
2007221.2020,1
2007222.1745,1
2007222.1750,1
2007222.1925,1
2007222.1930,1
2007223.1830,1
2007223.1835,1
2007223.2010,1
2007224.1735,1
2007224.1910,1
2007224.1915,1
2007225.1815,1
2007225.1820,1
2007225.1955,1
2007226.1725,1
2007226.1900,1
2007226.1905,1
2007227.1805,1
2007227.1810,1
2007227.1945,1
2007228.1850,1
2007228.2025,1
2007229.1750,1
2007229.1755,1
2007229.1930,1
2007229.1935,1
2007230.1835,1
2007230.1840,1
2007230.2015,1
2007231.1740,1
2007231.1745,1
2007231.1920,1
2007231.2055,1
2007232.1825,1
2007232.2000,1
2007232.2005,1
2007233.1730,1
2007233.1905,1
2007233.1910,1
2007234.1810,1
2007234.1815,1
2007234.1950,1
2007235.1855,1
2007236.1800,1
2007236.1935,1
2007236.1940,1
2007237.1840,1
2007237.1845,1
2007237.2020,1
2007238.1745,1
2007238.1750,1
2007238.1925,1
2007238.1930,1
2007239.1830,1
2007239.1835,1
2007239.2010,1
2007240.1735,1
2007240.1910,1
2007240.1915,1
2007241.1815,1
2007241.1820,1
2007241.1955,1
2007242.1725,1
2007242.1900,1
2007242.1905,1
2007243.1805,1
2007243.1810,1
2007243.1945,1
2007244.1845,1
2007244.1850,1
2007244.2025,1
2007245.1750,1
2007245.1755,1
2007245.1930,1
2007245.1935,1
2007246.1835,1
2007246.1840,1
2007246.2015,1
2007247.1740,1
2007247.1745,1
2007247.1920,1
2007248.1825,1
2007248.2000,1
2007248.2005,1
2007249.1730,1
2007249.1905,1
2007249.1910,1
2007250.1810,1
2007250.1815,1
2007250.1950,1
2007251.1855,1
2007252.1800,1
2007252.1935,1
2007252.1940,1
2007253.1840,1
2007253.1845,1
2007253.2020,1
2007254.1745,1
2007254.1750,1
2007254.1925,1
2007254.1930,1
2007255.1830,1
2007255.1835,1
2007255.2010,1
2007256.1735,1
2007256.1910,1
2007256.1915,1
2007257.1815,1
2007257.1820,1
2007257.1955,1
2007258.1725,1
2007258.1900,1
2007258.1905,1
2007259.1805,1
2007259.1810,1
2007259.1945,1
2007260.1845,1
2007260.1850,1
2007260.2025,1
2007261.1750,1
2007261.1755,1
2007261.1930,1
2007261.1935,1
2007262.1835,1
2007262.1840,1
2007262.2015,1
2007263.1740,1
2007263.1745,1
2007263.1920,1
2007264.1825,1
2007264.2000,1
2007264.2005,1
2007265.1730,1
2007265.1905,1
2007265.1910,1
2007266.1810,1
2007266.1815,1
2007266.1950,1
2007267.1855,1
2007267.2030,1
2007268.1800,1
2007268.1935,1
2007268.1940,1
2007269.1840,1
2007269.1845,1
2007269.2020,1
2007270.1745,1
2007270.1750,1
2007270.1925,1
2007270.1930,1
2007271.1830,1
2007271.2010,1
2007272.1735,1
2007272.1910,1
2007272.1915,1
2007273.1820,1
2007273.1955,1
2007274.1725,1
2007274.1900,1
2007274.1905,1
2007275.1805,1
2007275.1810,1
2007275.1945,1
2007276.1845,1
2007276.1850,1
2007276.2025,1
2007277.1750,1
2007277.1755,1
2007277.1930,1
2007277.1935,1
2007278.1835,1
2007278.1840,1
2007278.2015,1
2007279.1740,1
2007279.1745,1
2007279.1920,1
2007280.1825,1
2007280.2000,1
2007281.1730,1
2007281.1905,1
2007281.1910,1
2007282.1810,1
2007282.1815,1
2007282.1950,1
2007283.1855,1
2007283.2030,1
2007284.1800,1
2007284.1935,1
2007284.1940,1
2007285.1840,1
2007285.1845,1
2007285.2020,1
2007286.1745,1
2007286.1750,1
2007286.1925,1
2007286.1930,1
2007287.1830,1
2007287.2010,1
2007288.1735,1
2007288.1910,1
2007288.1915,1
2007289.1815,1
2007289.1820,1
2007289.1955,1
2007290.1725,1
2007290.1900,1
2007290.1905,1
2007291.1805,1
2007291.1810,1
2007291.1945,1
2007292.1845,1
2007292.1850,1
2007292.2025,1
2007293.1750,1
2007293.1755,1
2007293.1930,1
2007293.1935,1
2007294.1835,1
2007294.1840,1
2007294.2015,1
2007295.1740,1
2007295.1745,1
2007295.1920,1
2007296.1820,1
2007296.1825,1
2007296.2000,1
2007297.1730,1
2007297.1905,1
2007297.1910,1
2007298.1810,1
2007298.1815,1
2007298.1950,1
2007299.1855,1
2007299.2030,1
2007300.1800,1
2007300.1935,1
2007300.1940,1
2007301.1840,1
2007301.1845,1
2007301.2020,1
2007302.1745,1
2007302.1750,1
2007302.1925,1
2007302.1930,1
2007303.1830,1
2007303.2005,1
2007304.1735,1
2007304.1910,1
2007304.1915,1
2007305.1815,1
2007305.1820,1
2007305.1955,1
2007306.1725,1
2007306.1900,1
2007306.1905,1
2007307.1805,1
2007307.1940,1
2007307.1945,1
2007308.1845,1
2007308.1850,1
2007308.2025,1
2007309.1750,1
2007309.1755,1
2007309.1930,1
2007309.1935,1
2007310.1835,1
2007310.1840,1
2007310.2015,1
2007311.1740,1
2007311.1920,1
2007312.1820,1
2007312.1825,1
2007312.2000,1
2007313.1730,1
2007313.1905,1
2007313.1910,1
2007314.1810,1
2007314.1815,1
2007314.1950,1
2007315.1855,1
2007315.2030,1
2007316.1755,1
2007316.1800,1
2007316.1935,1
2007316.1940,1
2007317.1840,1
2007317.1845,1
2007317.2020,1
2007318.1745,1
2007318.1750,1
2007318.1925,1
2007318.1930,1
2007320.1735,1
2007320.1910,1
2007320.1915,1
2007321.1815,1
2007321.1820,1
2007321.1955,1
2007322.1725,1
2007322.1900,1
2007322.1905,1
2007323.1805,1
2007323.1945,1
2007324.1845,1
2007324.1850,1
2007324.2025,1
2007325.1750,1
2007325.1755,1
2007325.1930,1
2007325.1935,1
2007326.1835,1
2007326.1840,1
2007326.2015,1
2007327.1740,1
2007327.1745,1
2007327.1920,1
2007328.1820,1
2007328.1825,1
2007328.2000,1
2007329.1730,1
2007329.1905,1
2007329.1910,1
2007330.1810,1
2007330.1815,1
2007330.1950,1
2007331.1855,1
2007331.2030,1
2007332.1800,1
2007332.1935,1
2007332.1940,1
2007333.1840,1
2007333.1845,1
2007333.2020,1
2007334.1745,1
2007334.1750,1
2007334.1925,1
2007334.1930,1
2007335.1830,1
2007335.2005,1
2007335.2010,1
2007336.1735,1
2007336.1910,1
2007336.1915,1
2007337.1815,1
2007337.1820,1
2007337.1955,1
2007338.1725,1
2007338.1900,1
2007338.1905,1
2007339.1805,1
2007339.1945,1
2007340.1845,1
2007340.1850,1
2007340.2025,1
2007341.1750,1
2007341.1755,1
2007341.1930,1
2007341.1935,1
2007342.1835,1
2007342.1840,1
2007342.2015,1
2007343.1740,1
2007343.1745,1
2007343.1920,1
2007344.1820,1
2007344.1825,1
2007344.2000,1
2007345.1730,1
2007345.1905,1
2007345.1910,1
2007346.1810,1
2007346.1815,1
2007346.1950,1
2007348.1800,1
2007348.1935,1
2007348.1940,1
2007349.1840,1
2007349.1845,1
2007349.2020,1
2007350.1745,1
2007350.1750,1
2007350.1925,1
2007350.1930,1
2007351.1830,1
2007351.2010,1
2007352.1735,1
2007352.1910,1
2007352.1915,1
2007353.1815,1
2007353.1820,1
2007353.1955,1
2007354.1725,1
2007354.1900,1
2007354.1905,1
2007355.1805,1
2007355.1810,1
2007355.1945,1
2007356.1845,1
2007356.1850,1
2007356.2025,1
2007357.1750,1
2007357.1755,1
2007357.1930,1
2007357.1935,1
2007358.1835,1
2007358.1840,1
2007358.2015,1
2007359.1740,1
2007359.1745,1
2007359.1920,1
2007360.1825,1
2007360.2000,1
2007361.1730,1
2007361.1905,1
2007361.1910,1
2007362.0610,1
2007362.1810,1
2007362.1815,1
2007362.1950,1
2007363.1855,1
2007363.2030,1
2007364.1800,1
2007364.1935,1
2007364.1940,1
2007365.1840,1
2007365.1845,1
2007365.2020,1
2008001.1745,1
2008001.1750,1
2008001.1925,1
